species	sample_1	sample_2	number_of_changes	opportunities	change_rate	mouse_1	mouse_2	cage_1	cage_2	location_1	location_2	orientation	coarse_location_1	coarse_location_2	taxonomic_assignment
100334	Cec_1_1	Cec_1_3	0	109266.0	0.0	1	3	1	1	Cecum	Cecum	Between host	Large intestine	Large intestine	Adlercreutzia caecimuri
263040	Col_2_1	Ile_3_2	0	129615.0	0.0	1	2	2	3	Colon	Ileum	Between host	Large intestine	Small intestine	g__CAG-873
263040	Col_2_1	Col_3_1	0	129749.0	0.0	1	1	2	3	Colon	Colon	Between host	Large intestine	Large intestine	g__CAG-873
263040	Col_2_1	Col_3_2	0	129770.0	0.0	1	2	2	3	Colon	Colon	Between host	Large intestine	Large intestine	g__CAG-873
263040	Col_2_1	Col_3_3	0	129664.0	0.0	1	3	2	3	Colon	Colon	Between host	Large intestine	Large intestine	g__CAG-873
263040	Col_2_1	Duo_3_2	0	129680.0	0.0	1	2	2	3	Colon	Duodenum	Between host	Large intestine	Small intestine	g__CAG-873
263040	Col_2_1	Ile_1_1	0	129700.0	0.0	1	1	2	1	Colon	Ileum	Between host	Large intestine	Small intestine	g__CAG-873
263040	Col_2_1	Ile_2_1	0	129712.0	0.0	1	1	2	2	Colon	Ileum	Within host	Large intestine	Small intestine	g__CAG-873
263040	Col_2_1	Ile_3_1	0	129789.0	0.0	1	1	2	3	Colon	Ileum	Between host	Large intestine	Small intestine	g__CAG-873
263040	Col_2_1	Jej_1_3	0	129660.0	0.0	1	3	2	1	Colon	Jejunum	Between host	Large intestine	Small intestine	g__CAG-873
263040	Col_1_2	Jej_1_3	0	129503.0	0.0	2	3	1	1	Colon	Jejunum	Between host	Large intestine	Small intestine	g__CAG-873
263040	Col_2_1	Jej_2_1	0	129571.0	0.0	1	1	2	2	Colon	Jejunum	Within host	Large intestine	Small intestine	g__CAG-873
263040	Col_2_1	Jej_3_1	0	129538.0	0.0	1	1	2	3	Colon	Jejunum	Between host	Large intestine	Small intestine	g__CAG-873
263040	Col_2_1	Jej_3_2	0	129696.0	0.0	1	2	2	3	Colon	Jejunum	Between host	Large intestine	Small intestine	g__CAG-873
263040	Col_2_2	Col_2_3	0	129659.0	0.0	2	3	2	2	Colon	Colon	Between host	Large intestine	Large intestine	g__CAG-873
263040	Col_2_2	Col_3_1	0	129753.0	0.0	2	1	2	3	Colon	Colon	Between host	Large intestine	Large intestine	g__CAG-873
263040	Col_2_2	Col_3_2	0	129741.0	0.0	2	2	2	3	Colon	Colon	Between host	Large intestine	Large intestine	g__CAG-873
263040	Col_2_2	Col_3_3	0	129654.0	0.0	2	3	2	3	Colon	Colon	Between host	Large intestine	Large intestine	g__CAG-873
263040	Col_2_1	Col_2_3	0	129722.0	0.0	1	3	2	2	Colon	Colon	Between host	Large intestine	Large intestine	g__CAG-873
263040	Col_2_1	Col_2_2	0	129688.0	0.0	1	2	2	2	Colon	Colon	Between host	Large intestine	Large intestine	g__CAG-873
263040	Col_1_3	Jej_3_2	0	129636.0	0.0	3	2	1	3	Colon	Jejunum	Between host	Large intestine	Small intestine	g__CAG-873
263040	Col_1_3	Jej_3_1	0	129407.0	0.0	3	1	1	3	Colon	Jejunum	Between host	Large intestine	Small intestine	g__CAG-873
263040	Col_1_2	Jej_3_1	0	129393.0	0.0	2	1	1	3	Colon	Jejunum	Between host	Large intestine	Small intestine	g__CAG-873
263040	Col_1_2	Jej_3_2	0	129623.0	0.0	2	2	1	3	Colon	Jejunum	Between host	Large intestine	Small intestine	g__CAG-873
263040	Col_1_3	Col_2_1	0	129645.0	0.0	3	1	1	2	Colon	Colon	Between host	Large intestine	Large intestine	g__CAG-873
263040	Col_1_3	Col_2_2	0	129600.0	0.0	3	2	1	2	Colon	Colon	Between host	Large intestine	Large intestine	g__CAG-873
263040	Col_1_3	Col_2_3	0	129642.0	0.0	3	3	1	2	Colon	Colon	Between host	Large intestine	Large intestine	g__CAG-873
263040	Col_1_3	Col_3_1	0	129626.0	0.0	3	1	1	3	Colon	Colon	Between host	Large intestine	Large intestine	g__CAG-873
263040	Col_1_3	Col_3_2	0	129645.0	0.0	3	2	1	3	Colon	Colon	Between host	Large intestine	Large intestine	g__CAG-873
263040	Col_1_3	Col_3_3	0	129508.0	0.0	3	3	1	3	Colon	Colon	Between host	Large intestine	Large intestine	g__CAG-873
263040	Col_1_3	Duo_3_2	0	129518.0	0.0	3	2	1	3	Colon	Duodenum	Between host	Large intestine	Small intestine	g__CAG-873
263040	Col_1_3	Ile_1_1	0	129546.0	0.0	3	1	1	1	Colon	Ileum	Between host	Large intestine	Small intestine	g__CAG-873
263040	Col_1_3	Ile_2_1	0	129575.0	0.0	3	1	1	2	Colon	Ileum	Between host	Large intestine	Small intestine	g__CAG-873
263040	Col_1_3	Ile_3_1	0	129632.0	0.0	3	1	1	3	Colon	Ileum	Between host	Large intestine	Small intestine	g__CAG-873
263040	Col_1_3	Ile_3_2	0	129582.0	0.0	3	2	1	3	Colon	Ileum	Between host	Large intestine	Small intestine	g__CAG-873
263040	Col_1_3	Jej_1_3	0	129494.0	0.0	3	3	1	1	Colon	Jejunum	Within host	Large intestine	Small intestine	g__CAG-873
263040	Col_1_3	Jej_2_1	0	129490.0	0.0	3	1	1	2	Colon	Jejunum	Between host	Large intestine	Small intestine	g__CAG-873
263040	Col_2_2	Duo_3_2	0	129615.0	0.0	2	2	2	3	Colon	Duodenum	Between host	Large intestine	Small intestine	g__CAG-873
263040	Col_2_2	Ile_1_1	0	129706.0	0.0	2	1	2	1	Colon	Ileum	Between host	Large intestine	Small intestine	g__CAG-873
263040	Col_2_2	Ile_2_1	0	129668.0	0.0	2	1	2	2	Colon	Ileum	Between host	Large intestine	Small intestine	g__CAG-873
263040	Col_3_1	Col_3_2	0	129811.0	0.0	1	2	3	3	Colon	Colon	Between host	Large intestine	Large intestine	g__CAG-873
263040	Col_3_1	Duo_3_2	0	129670.0	0.0	1	2	3	3	Colon	Duodenum	Between host	Large intestine	Small intestine	g__CAG-873
263040	Col_3_1	Ile_1_1	0	129849.0	0.0	1	1	3	1	Colon	Ileum	Between host	Large intestine	Small intestine	g__CAG-873
263040	Col_3_1	Ile_2_1	0	129710.0	0.0	1	1	3	2	Colon	Ileum	Between host	Large intestine	Small intestine	g__CAG-873
263040	Col_3_1	Ile_3_1	0	129866.0	0.0	1	1	3	3	Colon	Ileum	Within host	Large intestine	Small intestine	g__CAG-873
263040	Col_3_1	Ile_3_2	0	129613.0	0.0	1	2	3	3	Colon	Ileum	Between host	Large intestine	Small intestine	g__CAG-873
263040	Col_3_1	Jej_1_3	0	129760.0	0.0	1	3	3	1	Colon	Jejunum	Between host	Large intestine	Small intestine	g__CAG-873
263040	Col_3_1	Jej_2_1	0	129638.0	0.0	1	1	3	2	Colon	Jejunum	Between host	Large intestine	Small intestine	g__CAG-873
263040	Col_3_1	Jej_3_1	0	129628.0	0.0	1	1	3	3	Colon	Jejunum	Within host	Large intestine	Small intestine	g__CAG-873
263040	Col_3_1	Jej_3_2	0	129710.0	0.0	1	2	3	3	Colon	Jejunum	Between host	Large intestine	Small intestine	g__CAG-873
263040	Col_3_2	Col_3_3	0	129666.0	0.0	2	3	3	3	Colon	Colon	Between host	Large intestine	Large intestine	g__CAG-873
263040	Col_3_2	Duo_3_2	0	129651.0	0.0	2	2	3	3	Colon	Duodenum	Within host	Large intestine	Small intestine	g__CAG-873
263040	Col_3_2	Ile_1_1	0	129759.0	0.0	2	1	3	1	Colon	Ileum	Between host	Large intestine	Small intestine	g__CAG-873
263040	Col_3_2	Ile_2_1	0	129695.0	0.0	2	1	3	2	Colon	Ileum	Between host	Large intestine	Small intestine	g__CAG-873
263040	Col_3_2	Ile_3_1	0	129812.0	0.0	2	1	3	3	Colon	Ileum	Between host	Large intestine	Small intestine	g__CAG-873
263040	Col_3_2	Ile_3_2	0	129636.0	0.0	2	2	3	3	Colon	Ileum	Within host	Large intestine	Small intestine	g__CAG-873
263040	Col_3_1	Col_3_3	0	129742.0	0.0	1	3	3	3	Colon	Colon	Between host	Large intestine	Large intestine	g__CAG-873
263040	Col_2_3	Jej_3_2	0	129703.0	0.0	3	2	2	3	Colon	Jejunum	Between host	Large intestine	Small intestine	g__CAG-873
263040	Col_2_2	Ile_3_1	0	129749.0	0.0	2	1	2	3	Colon	Ileum	Between host	Large intestine	Small intestine	g__CAG-873
263040	Col_2_3	Jej_3_1	0	129470.0	0.0	3	1	2	3	Colon	Jejunum	Between host	Large intestine	Small intestine	g__CAG-873
263040	Col_2_2	Ile_3_2	0	129593.0	0.0	2	2	2	3	Colon	Ileum	Between host	Large intestine	Small intestine	g__CAG-873
263040	Col_2_2	Jej_1_3	0	129656.0	0.0	2	3	2	1	Colon	Jejunum	Between host	Large intestine	Small intestine	g__CAG-873
263040	Col_2_2	Jej_2_1	0	129596.0	0.0	2	1	2	2	Colon	Jejunum	Between host	Large intestine	Small intestine	g__CAG-873
263040	Col_2_2	Jej_3_1	0	129502.0	0.0	2	1	2	3	Colon	Jejunum	Between host	Large intestine	Small intestine	g__CAG-873
263040	Col_2_2	Jej_3_2	0	129649.0	0.0	2	2	2	3	Colon	Jejunum	Between host	Large intestine	Small intestine	g__CAG-873
263040	Col_2_3	Col_3_1	0	129747.0	0.0	3	1	2	3	Colon	Colon	Between host	Large intestine	Large intestine	g__CAG-873
263040	Col_2_3	Col_3_2	0	129743.0	0.0	3	2	2	3	Colon	Colon	Between host	Large intestine	Large intestine	g__CAG-873
263040	Col_2_3	Col_3_3	0	129625.0	0.0	3	3	2	3	Colon	Colon	Between host	Large intestine	Large intestine	g__CAG-873
263040	Col_2_3	Duo_3_2	0	129602.0	0.0	3	2	2	3	Colon	Duodenum	Between host	Large intestine	Small intestine	g__CAG-873
263040	Col_2_3	Ile_1_1	0	129658.0	0.0	3	1	2	1	Colon	Ileum	Between host	Large intestine	Small intestine	g__CAG-873
263040	Col_2_3	Ile_2_1	0	129630.0	0.0	3	1	2	2	Colon	Ileum	Between host	Large intestine	Small intestine	g__CAG-873
263040	Col_2_3	Ile_3_1	0	129746.0	0.0	3	1	2	3	Colon	Ileum	Between host	Large intestine	Small intestine	g__CAG-873
263040	Col_2_3	Ile_3_2	0	129599.0	0.0	3	2	2	3	Colon	Ileum	Between host	Large intestine	Small intestine	g__CAG-873
263040	Col_2_3	Jej_1_3	0	129595.0	0.0	3	3	2	1	Colon	Jejunum	Between host	Large intestine	Small intestine	g__CAG-873
263040	Col_2_3	Jej_2_1	0	129535.0	0.0	3	1	2	2	Colon	Jejunum	Between host	Large intestine	Small intestine	g__CAG-873
263040	Col_1_2	Jej_2_1	0	129464.0	0.0	2	1	1	2	Colon	Jejunum	Between host	Large intestine	Small intestine	g__CAG-873
263040	Col_1_2	Ile_3_2	0	129576.0	0.0	2	2	1	3	Colon	Ileum	Between host	Large intestine	Small intestine	g__CAG-873
263040	Cec_3_1	Col_3_2	0	129560.0	0.0	1	2	3	3	Cecum	Colon	Between host	Large intestine	Large intestine	g__CAG-873
263040	Cec_3_2	Jej_3_1	0	129683.0	0.0	2	1	3	3	Cecum	Jejunum	Between host	Large intestine	Small intestine	g__CAG-873
263040	Cec_3_2	Duo_3_2	0	129784.0	0.0	2	2	3	3	Cecum	Duodenum	Within host	Large intestine	Small intestine	g__CAG-873
263040	Cec_3_2	Ile_1_1	0	129876.0	0.0	2	1	3	1	Cecum	Ileum	Between host	Large intestine	Small intestine	g__CAG-873
263040	Cec_3_2	Ile_2_1	0	129744.0	0.0	2	1	3	2	Cecum	Ileum	Between host	Large intestine	Small intestine	g__CAG-873
263040	Cec_3_2	Ile_3_1	0	129946.0	0.0	2	1	3	3	Cecum	Ileum	Between host	Large intestine	Small intestine	g__CAG-873
263040	Cec_3_2	Ile_3_2	0	129641.0	0.0	2	2	3	3	Cecum	Ileum	Within host	Large intestine	Small intestine	g__CAG-873
263040	Cec_3_2	Jej_1_3	0	129836.0	0.0	2	3	3	1	Cecum	Jejunum	Between host	Large intestine	Small intestine	g__CAG-873
263040	Cec_3_2	Jej_2_1	0	129725.0	0.0	2	1	3	2	Cecum	Jejunum	Between host	Large intestine	Small intestine	g__CAG-873
263040	Cec_3_2	Jej_3_2	0	129730.0	0.0	2	2	3	3	Cecum	Jejunum	Within host	Large intestine	Small intestine	g__CAG-873
263040	Col_1_2	Ile_3_1	0	129625.0	0.0	2	1	1	3	Colon	Ileum	Between host	Large intestine	Small intestine	g__CAG-873
263040	Cec_3_3	Col_1_1	0	129947.0	0.0	3	1	3	1	Cecum	Colon	Between host	Large intestine	Large intestine	g__CAG-873
263040	Cec_3_3	Col_1_2	0	129499.0	0.0	3	2	3	1	Cecum	Colon	Between host	Large intestine	Large intestine	g__CAG-873
263040	Cec_3_3	Col_1_3	0	129524.0	0.0	3	3	3	1	Cecum	Colon	Between host	Large intestine	Large intestine	g__CAG-873
263040	Cec_3_3	Col_2_1	0	129668.0	0.0	3	1	3	2	Cecum	Colon	Between host	Large intestine	Large intestine	g__CAG-873
263040	Cec_3_3	Col_2_2	0	129632.0	0.0	3	2	3	2	Cecum	Colon	Between host	Large intestine	Large intestine	g__CAG-873
263040	Cec_3_3	Col_2_3	0	129615.0	0.0	3	3	3	2	Cecum	Colon	Between host	Large intestine	Large intestine	g__CAG-873
263040	Cec_3_3	Col_3_1	0	129755.0	0.0	3	1	3	3	Cecum	Colon	Between host	Large intestine	Large intestine	g__CAG-873
263040	Cec_3_2	Col_3_3	0	129824.0	0.0	2	3	3	3	Cecum	Colon	Between host	Large intestine	Large intestine	g__CAG-873
263040	Cec_3_2	Col_3_2	0	129813.0	0.0	2	2	3	3	Cecum	Colon	Within host	Large intestine	Large intestine	g__CAG-873
263040	Cec_3_2	Col_3_1	0	129850.0	0.0	2	1	3	3	Cecum	Colon	Between host	Large intestine	Large intestine	g__CAG-873
263040	Cec_3_2	Col_2_3	0	129789.0	0.0	2	3	3	2	Cecum	Colon	Between host	Large intestine	Large intestine	g__CAG-873
263040	Cec_3_1	Duo_3_2	0	129534.0	0.0	1	2	3	3	Cecum	Duodenum	Between host	Large intestine	Small intestine	g__CAG-873
263040	Cec_3_1	Ile_1_1	0	129631.0	0.0	1	1	3	1	Cecum	Ileum	Between host	Large intestine	Small intestine	g__CAG-873
263040	Cec_3_1	Ile_2_1	0	129571.0	0.0	1	1	3	2	Cecum	Ileum	Between host	Large intestine	Small intestine	g__CAG-873
263040	Cec_3_1	Ile_3_1	0	129713.0	0.0	1	1	3	3	Cecum	Ileum	Within host	Large intestine	Small intestine	g__CAG-873
263040	Cec_3_1	Ile_3_2	0	129472.0	0.0	1	2	3	3	Cecum	Ileum	Between host	Large intestine	Small intestine	g__CAG-873
263040	Cec_3_1	Jej_1_3	0	129574.0	0.0	1	3	3	1	Cecum	Jejunum	Between host	Large intestine	Small intestine	g__CAG-873
263040	Cec_3_1	Jej_2_1	0	129516.0	0.0	1	1	3	2	Cecum	Jejunum	Between host	Large intestine	Small intestine	g__CAG-873
263040	Cec_3_1	Jej_3_1	0	129440.0	0.0	1	1	3	3	Cecum	Jejunum	Within host	Large intestine	Small intestine	g__CAG-873
263040	Cec_3_1	Jej_3_2	0	129545.0	0.0	1	2	3	3	Cecum	Jejunum	Between host	Large intestine	Small intestine	g__CAG-873
263040	Cec_3_2	Cec_3_3	0	129833.0	0.0	2	3	3	3	Cecum	Cecum	Between host	Large intestine	Large intestine	g__CAG-873
263040	Cec_3_2	Col_1_1	0	129950.0	0.0	2	1	3	1	Cecum	Colon	Between host	Large intestine	Large intestine	g__CAG-873
263040	Cec_3_2	Col_1_2	0	129679.0	0.0	2	2	3	1	Cecum	Colon	Between host	Large intestine	Large intestine	g__CAG-873
263040	Cec_3_2	Col_1_3	0	129656.0	0.0	2	3	3	1	Cecum	Colon	Between host	Large intestine	Large intestine	g__CAG-873
263040	Cec_3_2	Col_2_1	0	129824.0	0.0	2	1	3	2	Cecum	Colon	Between host	Large intestine	Large intestine	g__CAG-873
263040	Cec_3_2	Col_2_2	0	129732.0	0.0	2	2	3	2	Cecum	Colon	Between host	Large intestine	Large intestine	g__CAG-873
263040	Cec_3_3	Col_3_2	0	129674.0	0.0	3	2	3	3	Cecum	Colon	Between host	Large intestine	Large intestine	g__CAG-873
263040	Cec_3_3	Col_3_3	0	129769.0	0.0	3	3	3	3	Cecum	Colon	Within host	Large intestine	Large intestine	g__CAG-873
263040	Cec_3_3	Duo_3_2	0	129720.0	0.0	3	2	3	3	Cecum	Duodenum	Between host	Large intestine	Small intestine	g__CAG-873
263040	Col_1_1	Ile_2_1	0	129793.0	0.0	1	1	1	2	Colon	Ileum	Between host	Large intestine	Small intestine	g__CAG-873
263040	Col_1_1	Ile_3_2	0	129585.0	0.0	1	2	1	3	Colon	Ileum	Between host	Large intestine	Small intestine	g__CAG-873
263040	Col_1_1	Jej_1_3	0	130002.0	0.0	1	3	1	1	Colon	Jejunum	Between host	Large intestine	Small intestine	g__CAG-873
263040	Col_1_1	Jej_2_1	0	129856.0	0.0	1	1	1	2	Colon	Jejunum	Between host	Large intestine	Small intestine	g__CAG-873
263040	Col_1_1	Jej_3_1	0	129797.0	0.0	1	1	1	3	Colon	Jejunum	Between host	Large intestine	Small intestine	g__CAG-873
263040	Col_1_1	Jej_3_2	0	129701.0	0.0	1	2	1	3	Colon	Jejunum	Between host	Large intestine	Small intestine	g__CAG-873
263040	Col_1_2	Col_1_3	0	129612.0	0.0	2	3	1	1	Colon	Colon	Between host	Large intestine	Large intestine	g__CAG-873
263040	Col_1_2	Col_2_1	0	129664.0	0.0	2	1	1	2	Colon	Colon	Between host	Large intestine	Large intestine	g__CAG-873
263040	Col_1_2	Col_2_2	0	129598.0	0.0	2	2	1	2	Colon	Colon	Between host	Large intestine	Large intestine	g__CAG-873
263040	Col_1_2	Col_2_3	0	129651.0	0.0	2	3	1	2	Colon	Colon	Between host	Large intestine	Large intestine	g__CAG-873
263040	Col_1_2	Col_3_1	0	129642.0	0.0	2	1	1	3	Colon	Colon	Between host	Large intestine	Large intestine	g__CAG-873
263040	Col_1_2	Col_3_2	0	129652.0	0.0	2	2	1	3	Colon	Colon	Between host	Large intestine	Large intestine	g__CAG-873
263040	Col_1_2	Col_3_3	0	129525.0	0.0	2	3	1	3	Colon	Colon	Between host	Large intestine	Large intestine	g__CAG-873
263040	Col_1_2	Duo_3_2	0	129531.0	0.0	2	2	1	3	Colon	Duodenum	Between host	Large intestine	Small intestine	g__CAG-873
263040	Col_1_2	Ile_1_1	0	129551.0	0.0	2	1	1	1	Colon	Ileum	Between host	Large intestine	Small intestine	g__CAG-873
263040	Col_1_2	Ile_2_1	0	129589.0	0.0	2	1	1	2	Colon	Ileum	Between host	Large intestine	Small intestine	g__CAG-873
263040	Col_1_1	Ile_3_1	0	130063.0	0.0	1	1	1	3	Colon	Ileum	Between host	Large intestine	Small intestine	g__CAG-873
263040	Col_1_1	Ile_1_1	0	130043.0	0.0	1	1	1	1	Colon	Ileum	Within host	Large intestine	Small intestine	g__CAG-873
263040	Cec_3_3	Ile_1_1	0	129907.0	0.0	3	1	3	1	Cecum	Ileum	Between host	Large intestine	Small intestine	g__CAG-873
263040	Col_1_1	Duo_3_2	0	129831.0	0.0	1	2	1	3	Colon	Duodenum	Between host	Large intestine	Small intestine	g__CAG-873
263040	Cec_3_3	Ile_2_1	0	129662.0	0.0	3	1	3	2	Cecum	Ileum	Between host	Large intestine	Small intestine	g__CAG-873
263040	Cec_3_3	Ile_3_1	0	129981.0	0.0	3	1	3	3	Cecum	Ileum	Between host	Large intestine	Small intestine	g__CAG-873
263040	Cec_3_3	Ile_3_2	0	129514.0	0.0	3	2	3	3	Cecum	Ileum	Between host	Large intestine	Small intestine	g__CAG-873
263040	Cec_3_3	Jej_1_3	0	129905.0	0.0	3	3	3	1	Cecum	Jejunum	Between host	Large intestine	Small intestine	g__CAG-873
263040	Cec_3_3	Jej_2_1	0	129795.0	0.0	3	1	3	2	Cecum	Jejunum	Between host	Large intestine	Small intestine	g__CAG-873
263040	Cec_3_3	Jej_3_1	0	129752.0	0.0	3	1	3	3	Cecum	Jejunum	Between host	Large intestine	Small intestine	g__CAG-873
263040	Cec_3_3	Jej_3_2	0	129615.0	0.0	3	2	3	3	Cecum	Jejunum	Between host	Large intestine	Small intestine	g__CAG-873
263040	Col_1_1	Col_1_2	0	129628.0	0.0	1	2	1	1	Colon	Colon	Between host	Large intestine	Large intestine	g__CAG-873
263040	Col_1_1	Col_1_3	0	129607.0	0.0	1	3	1	1	Colon	Colon	Between host	Large intestine	Large intestine	g__CAG-873
263040	Col_1_1	Col_2_1	0	129788.0	0.0	1	1	1	2	Colon	Colon	Between host	Large intestine	Large intestine	g__CAG-873
263040	Col_1_1	Col_2_2	0	129763.0	0.0	1	2	1	2	Colon	Colon	Between host	Large intestine	Large intestine	g__CAG-873
263040	Col_1_1	Col_2_3	0	129723.0	0.0	1	3	1	2	Colon	Colon	Between host	Large intestine	Large intestine	g__CAG-873
263040	Col_1_1	Col_3_1	0	129871.0	0.0	1	1	1	3	Colon	Colon	Between host	Large intestine	Large intestine	g__CAG-873
263040	Col_1_1	Col_3_2	0	129803.0	0.0	1	2	1	3	Colon	Colon	Between host	Large intestine	Large intestine	g__CAG-873
263040	Col_1_1	Col_3_3	0	129873.0	0.0	1	3	1	3	Colon	Colon	Between host	Large intestine	Large intestine	g__CAG-873
263040	Col_3_2	Jej_1_3	0	129688.0	0.0	2	3	3	1	Colon	Jejunum	Between host	Large intestine	Small intestine	g__CAG-873
263040	Col_3_2	Jej_2_1	0	129606.0	0.0	2	1	3	2	Colon	Jejunum	Between host	Large intestine	Small intestine	g__CAG-873
263040	Col_3_2	Jej_3_1	0	129567.0	0.0	2	1	3	3	Colon	Jejunum	Between host	Large intestine	Small intestine	g__CAG-873
264624	Cec_2_3	Col_2_3	0	23755.0	0.0	3	3	2	2	Cecum	Colon	Within host	Large intestine	Large intestine	g__CAG-582
264624	Cec_2_3	Cec_3_1	0	23580.0	0.0	3	1	2	3	Cecum	Cecum	Between host	Large intestine	Large intestine	g__CAG-582
264624	Cec_2_3	Cec_3_2	0	23739.0	0.0	3	2	2	3	Cecum	Cecum	Between host	Large intestine	Large intestine	g__CAG-582
264624	Cec_2_3	Col_1_1	0	23788.0	0.0	3	1	2	1	Cecum	Colon	Between host	Large intestine	Large intestine	g__CAG-582
264624	Cec_2_3	Col_1_2	0	23685.0	0.0	3	2	2	1	Cecum	Colon	Between host	Large intestine	Large intestine	g__CAG-582
264624	Cec_2_3	Col_1_3	0	23702.0	0.0	3	3	2	1	Cecum	Colon	Between host	Large intestine	Large intestine	g__CAG-582
264624	Cec_2_3	Col_2_1	0	23777.0	0.0	3	1	2	2	Cecum	Colon	Between host	Large intestine	Large intestine	g__CAG-582
264624	Cec_2_3	Col_2_2	0	23788.0	0.0	3	2	2	2	Cecum	Colon	Between host	Large intestine	Large intestine	g__CAG-582
264624	Cec_2_3	Col_3_1	0	23699.0	0.0	3	1	2	3	Cecum	Colon	Between host	Large intestine	Large intestine	g__CAG-582
263040	Col_3_2	Jej_3_2	0	129696.0	0.0	2	2	3	3	Colon	Jejunum	Within host	Large intestine	Small intestine	g__CAG-873
264624	Cec_2_3	Col_3_2	0	23787.0	0.0	3	2	2	3	Cecum	Colon	Between host	Large intestine	Large intestine	g__CAG-582
264624	Cec_3_1	Cec_3_2	0	23559.0	0.0	1	2	3	3	Cecum	Cecum	Between host	Large intestine	Large intestine	g__CAG-582
264624	Cec_3_1	Col_1_1	0	23624.0	0.0	1	1	3	1	Cecum	Colon	Between host	Large intestine	Large intestine	g__CAG-582
264624	Cec_3_1	Col_1_2	0	23554.0	0.0	1	2	3	1	Cecum	Colon	Between host	Large intestine	Large intestine	g__CAG-582
264624	Cec_3_1	Col_1_3	0	23529.0	0.0	1	3	3	1	Cecum	Colon	Between host	Large intestine	Large intestine	g__CAG-582
264624	Cec_3_1	Col_2_1	0	23621.0	0.0	1	1	3	2	Cecum	Colon	Between host	Large intestine	Large intestine	g__CAG-582
264624	Cec_3_1	Col_2_2	0	23597.0	0.0	1	2	3	2	Cecum	Colon	Between host	Large intestine	Large intestine	g__CAG-582
264624	Cec_2_1	Col_3_2	0	23655.0	0.0	1	2	2	3	Cecum	Colon	Between host	Large intestine	Large intestine	g__CAG-582
264624	Cec_2_1	Col_3_1	0	23652.0	0.0	1	1	2	3	Cecum	Colon	Between host	Large intestine	Large intestine	g__CAG-582
264624	Cec_2_1	Col_2_3	0	23693.0	0.0	1	3	2	2	Cecum	Colon	Between host	Large intestine	Large intestine	g__CAG-582
264624	Cec_2_1	Col_2_2	0	23682.0	0.0	1	2	2	2	Cecum	Colon	Between host	Large intestine	Large intestine	g__CAG-582
264624	Cec_1_3	Col_1_1	0	23673.0	0.0	3	1	1	1	Cecum	Colon	Between host	Large intestine	Large intestine	g__CAG-582
264624	Cec_1_3	Col_1_2	0	23642.0	0.0	3	2	1	1	Cecum	Colon	Between host	Large intestine	Large intestine	g__CAG-582
264624	Cec_1_3	Col_1_3	0	23587.0	0.0	3	3	1	1	Cecum	Colon	Within host	Large intestine	Large intestine	g__CAG-582
264624	Cec_1_3	Col_2_1	0	23653.0	0.0	3	1	1	2	Cecum	Colon	Between host	Large intestine	Large intestine	g__CAG-582
264624	Cec_1_3	Col_2_2	0	23670.0	0.0	3	2	1	2	Cecum	Colon	Between host	Large intestine	Large intestine	g__CAG-582
264624	Cec_1_3	Col_2_3	0	23698.0	0.0	3	3	1	2	Cecum	Colon	Between host	Large intestine	Large intestine	g__CAG-582
264624	Cec_1_3	Col_3_1	0	23655.0	0.0	3	1	1	3	Cecum	Colon	Between host	Large intestine	Large intestine	g__CAG-582
264624	Cec_1_3	Col_3_2	0	23671.0	0.0	3	2	1	3	Cecum	Colon	Between host	Large intestine	Large intestine	g__CAG-582
264624	Cec_2_1	Cec_2_3	0	23658.0	0.0	1	3	2	2	Cecum	Cecum	Between host	Large intestine	Large intestine	g__CAG-582
264624	Cec_2_1	Cec_3_1	0	23488.0	0.0	1	1	2	3	Cecum	Cecum	Between host	Large intestine	Large intestine	g__CAG-582
264624	Cec_2_1	Cec_3_2	0	23680.0	0.0	1	2	2	3	Cecum	Cecum	Between host	Large intestine	Large intestine	g__CAG-582
264624	Cec_2_1	Col_1_1	0	23695.0	0.0	1	1	2	1	Cecum	Colon	Between host	Large intestine	Large intestine	g__CAG-582
264624	Cec_2_1	Col_1_2	0	23660.0	0.0	1	2	2	1	Cecum	Colon	Between host	Large intestine	Large intestine	g__CAG-582
264624	Cec_2_1	Col_1_3	0	23644.0	0.0	1	3	2	1	Cecum	Colon	Between host	Large intestine	Large intestine	g__CAG-582
264624	Cec_2_1	Col_2_1	0	23659.0	0.0	1	1	2	2	Cecum	Colon	Within host	Large intestine	Large intestine	g__CAG-582
264624	Cec_3_1	Col_2_3	0	23551.0	0.0	1	3	3	2	Cecum	Colon	Between host	Large intestine	Large intestine	g__CAG-582
264624	Cec_3_1	Col_3_1	0	23575.0	0.0	1	1	3	3	Cecum	Colon	Within host	Large intestine	Large intestine	g__CAG-582
264624	Cec_3_1	Col_3_2	0	23610.0	0.0	1	2	3	3	Cecum	Colon	Between host	Large intestine	Large intestine	g__CAG-582
264624	Col_1_2	Col_2_3	0	23738.0	0.0	2	3	1	2	Colon	Colon	Between host	Large intestine	Large intestine	g__CAG-582
264624	Col_1_2	Col_3_2	0	23761.0	0.0	2	2	1	3	Colon	Colon	Between host	Large intestine	Large intestine	g__CAG-582
264624	Col_1_3	Col_2_1	0	23697.0	0.0	3	1	1	2	Colon	Colon	Between host	Large intestine	Large intestine	g__CAG-582
264624	Col_1_3	Col_2_2	0	23740.0	0.0	3	2	1	2	Colon	Colon	Between host	Large intestine	Large intestine	g__CAG-582
264624	Col_1_3	Col_2_3	0	23731.0	0.0	3	3	1	2	Colon	Colon	Between host	Large intestine	Large intestine	g__CAG-582
264624	Col_1_3	Col_3_1	0	23669.0	0.0	3	1	1	3	Colon	Colon	Between host	Large intestine	Large intestine	g__CAG-582
264624	Col_1_3	Col_3_2	0	23703.0	0.0	3	2	1	3	Colon	Colon	Between host	Large intestine	Large intestine	g__CAG-582
264624	Col_2_1	Col_2_2	0	23843.0	0.0	1	2	2	2	Colon	Colon	Between host	Large intestine	Large intestine	g__CAG-582
264624	Col_2_1	Col_2_3	0	23809.0	0.0	1	3	2	2	Colon	Colon	Between host	Large intestine	Large intestine	g__CAG-582
264624	Col_2_1	Col_3_1	0	23871.0	0.0	1	1	2	3	Colon	Colon	Between host	Large intestine	Large intestine	g__CAG-582
264624	Col_2_1	Col_3_2	0	23850.0	0.0	1	2	2	3	Colon	Colon	Between host	Large intestine	Large intestine	g__CAG-582
264624	Col_2_2	Col_2_3	0	23835.0	0.0	2	3	2	2	Colon	Colon	Between host	Large intestine	Large intestine	g__CAG-582
264624	Col_2_2	Col_3_1	0	23777.0	0.0	2	1	2	3	Colon	Colon	Between host	Large intestine	Large intestine	g__CAG-582
264624	Col_2_2	Col_3_2	0	23833.0	0.0	2	2	2	3	Colon	Colon	Between host	Large intestine	Large intestine	g__CAG-582
264624	Col_2_3	Col_3_1	0	23782.0	0.0	3	1	2	3	Colon	Colon	Between host	Large intestine	Large intestine	g__CAG-582
264624	Col_2_3	Col_3_2	0	23809.0	0.0	3	2	2	3	Colon	Colon	Between host	Large intestine	Large intestine	g__CAG-582
264624	Col_1_2	Col_3_1	0	23760.0	0.0	2	1	1	3	Colon	Colon	Between host	Large intestine	Large intestine	g__CAG-582
264624	Col_1_2	Col_2_2	0	23756.0	0.0	2	2	1	2	Colon	Colon	Between host	Large intestine	Large intestine	g__CAG-582
264624	Cec_3_2	Col_1_1	0	23791.0	0.0	2	1	3	1	Cecum	Colon	Between host	Large intestine	Large intestine	g__CAG-582
264624	Col_1_2	Col_2_1	0	23766.0	0.0	2	1	1	2	Colon	Colon	Between host	Large intestine	Large intestine	g__CAG-582
264624	Cec_3_2	Col_1_2	0	23698.0	0.0	2	2	3	1	Cecum	Colon	Between host	Large intestine	Large intestine	g__CAG-582
264624	Cec_3_2	Col_1_3	0	23712.0	0.0	2	3	3	1	Cecum	Colon	Between host	Large intestine	Large intestine	g__CAG-582
264624	Cec_3_2	Col_2_1	0	23760.0	0.0	2	1	3	2	Cecum	Colon	Between host	Large intestine	Large intestine	g__CAG-582
264624	Cec_3_2	Col_2_2	0	23760.0	0.0	2	2	3	2	Cecum	Colon	Between host	Large intestine	Large intestine	g__CAG-582
264624	Cec_3_2	Col_2_3	0	23795.0	0.0	2	3	3	2	Cecum	Colon	Between host	Large intestine	Large intestine	g__CAG-582
264624	Cec_3_2	Col_3_1	0	23729.0	0.0	2	1	3	3	Cecum	Colon	Between host	Large intestine	Large intestine	g__CAG-582
264624	Cec_3_2	Col_3_2	0	23755.0	0.0	2	2	3	3	Cecum	Colon	Within host	Large intestine	Large intestine	g__CAG-582
264624	Col_1_1	Col_1_2	0	23781.0	0.0	1	2	1	1	Colon	Colon	Between host	Large intestine	Large intestine	g__CAG-582
264624	Col_1_1	Col_1_3	0	23731.0	0.0	1	3	1	1	Colon	Colon	Between host	Large intestine	Large intestine	g__CAG-582
264624	Col_1_1	Col_2_1	0	23855.0	0.0	1	1	1	2	Colon	Colon	Between host	Large intestine	Large intestine	g__CAG-582
264624	Col_1_1	Col_2_2	0	23848.0	0.0	1	2	1	2	Colon	Colon	Between host	Large intestine	Large intestine	g__CAG-582
264624	Col_1_1	Col_2_3	0	23824.0	0.0	1	3	1	2	Colon	Colon	Between host	Large intestine	Large intestine	g__CAG-582
264624	Col_1_1	Col_3_1	0	23793.0	0.0	1	1	1	3	Colon	Colon	Between host	Large intestine	Large intestine	g__CAG-582
264624	Col_1_1	Col_3_2	0	23838.0	0.0	1	2	1	3	Colon	Colon	Between host	Large intestine	Large intestine	g__CAG-582
264624	Col_1_2	Col_1_3	0	23664.0	0.0	2	3	1	1	Colon	Colon	Between host	Large intestine	Large intestine	g__CAG-582
264624	Cec_1_3	Cec_3_2	0	23624.0	0.0	3	2	1	3	Cecum	Cecum	Between host	Large intestine	Large intestine	g__CAG-582
264624	Cec_1_3	Cec_3_1	0	23461.0	0.0	3	1	1	3	Cecum	Cecum	Between host	Large intestine	Large intestine	g__CAG-582
264624	Cec_1_3	Cec_2_3	0	23617.0	0.0	3	3	1	2	Cecum	Cecum	Between host	Large intestine	Large intestine	g__CAG-582
263040	Ile_1_1	Ile_2_1	0	129743.0	0.0	1	1	1	2	Ileum	Ileum	Between host	Small intestine	Small intestine	g__CAG-873
263040	Ile_1_1	Ile_3_2	0	129578.0	0.0	1	2	1	3	Ileum	Ileum	Between host	Small intestine	Small intestine	g__CAG-873
263040	Ile_1_1	Jej_1_3	0	129975.0	0.0	1	3	1	1	Ileum	Jejunum	Between host	Small intestine	Small intestine	g__CAG-873
263040	Ile_1_1	Jej_2_1	0	129813.0	0.0	1	1	1	2	Ileum	Jejunum	Between host	Small intestine	Small intestine	g__CAG-873
263040	Ile_1_1	Jej_3_1	0	129781.0	0.0	1	1	1	3	Ileum	Jejunum	Between host	Small intestine	Small intestine	g__CAG-873
263040	Ile_1_1	Jej_3_2	0	129644.0	0.0	1	2	1	3	Ileum	Jejunum	Between host	Small intestine	Small intestine	g__CAG-873
263040	Ile_2_1	Ile_3_1	0	129765.0	0.0	1	1	2	3	Ileum	Ileum	Between host	Small intestine	Small intestine	g__CAG-873
263040	Ile_2_1	Ile_3_2	0	129581.0	0.0	1	2	2	3	Ileum	Ileum	Between host	Small intestine	Small intestine	g__CAG-873
263040	Ile_2_1	Jej_1_3	0	129664.0	0.0	1	3	2	1	Ileum	Jejunum	Between host	Small intestine	Small intestine	g__CAG-873
263040	Ile_2_1	Jej_2_1	0	129590.0	0.0	1	1	2	2	Ileum	Jejunum	Within host	Small intestine	Small intestine	g__CAG-873
263040	Ile_2_1	Jej_3_1	0	129533.0	0.0	1	1	2	3	Ileum	Jejunum	Between host	Small intestine	Small intestine	g__CAG-873
263040	Ile_2_1	Jej_3_2	0	129644.0	0.0	1	2	2	3	Ileum	Jejunum	Between host	Small intestine	Small intestine	g__CAG-873
263040	Ile_3_1	Ile_3_2	0	129636.0	0.0	1	2	3	3	Ileum	Ileum	Between host	Small intestine	Small intestine	g__CAG-873
263040	Ile_3_1	Jej_1_3	0	129991.0	0.0	1	3	3	1	Ileum	Jejunum	Between host	Small intestine	Small intestine	g__CAG-873
263040	Ile_3_1	Jej_2_1	0	129869.0	0.0	1	1	3	2	Ileum	Jejunum	Between host	Small intestine	Small intestine	g__CAG-873
263040	Ile_3_1	Jej_3_1	0	129832.0	0.0	1	1	3	3	Ileum	Jejunum	Within host	Small intestine	Small intestine	g__CAG-873
263040	Ile_1_1	Ile_3_1	0	130020.0	0.0	1	1	1	3	Ileum	Ileum	Between host	Small intestine	Small intestine	g__CAG-873
263040	Duo_3_2	Jej_3_2	0	129626.0	0.0	2	2	3	3	Duodenum	Jejunum	Within host	Small intestine	Small intestine	g__CAG-873
263040	Ile_3_2	Jej_1_3	0	129513.0	0.0	2	3	3	1	Ileum	Jejunum	Between host	Small intestine	Small intestine	g__CAG-873
263040	Duo_3_2	Jej_3_1	0	129616.0	0.0	2	1	3	3	Duodenum	Jejunum	Between host	Small intestine	Small intestine	g__CAG-873
263040	Col_3_3	Duo_3_2	0	129722.0	0.0	3	2	3	3	Colon	Duodenum	Between host	Large intestine	Small intestine	g__CAG-873
263040	Col_3_3	Ile_1_1	0	129798.0	0.0	3	1	3	1	Colon	Ileum	Between host	Large intestine	Small intestine	g__CAG-873
263040	Col_3_3	Ile_2_1	0	129644.0	0.0	3	1	3	2	Colon	Ileum	Between host	Large intestine	Small intestine	g__CAG-873
263040	Col_3_3	Ile_3_1	0	129868.0	0.0	3	1	3	3	Colon	Ileum	Between host	Large intestine	Small intestine	g__CAG-873
263040	Col_3_3	Ile_3_2	0	129498.0	0.0	3	2	3	3	Colon	Ileum	Between host	Large intestine	Small intestine	g__CAG-873
263040	Col_3_3	Jej_1_3	0	129754.0	0.0	3	3	3	1	Colon	Jejunum	Between host	Large intestine	Small intestine	g__CAG-873
263040	Col_3_3	Jej_2_1	0	129647.0	0.0	3	1	3	2	Colon	Jejunum	Between host	Large intestine	Small intestine	g__CAG-873
263040	Col_3_3	Jej_3_1	0	129633.0	0.0	3	1	3	3	Colon	Jejunum	Between host	Large intestine	Small intestine	g__CAG-873
263040	Col_3_3	Jej_3_2	0	129599.0	0.0	3	2	3	3	Colon	Jejunum	Between host	Large intestine	Small intestine	g__CAG-873
263040	Duo_3_2	Ile_1_1	0	129762.0	0.0	2	1	3	1	Duodenum	Ileum	Between host	Small intestine	Small intestine	g__CAG-873
263040	Duo_3_2	Ile_2_1	0	129648.0	0.0	2	1	3	2	Duodenum	Ileum	Between host	Small intestine	Small intestine	g__CAG-873
263040	Duo_3_2	Ile_3_1	0	129850.0	0.0	2	1	3	3	Duodenum	Ileum	Between host	Small intestine	Small intestine	g__CAG-873
263040	Duo_3_2	Ile_3_2	0	129504.0	0.0	2	2	3	3	Duodenum	Ileum	Within host	Small intestine	Small intestine	g__CAG-873
263040	Duo_3_2	Jej_1_3	0	129726.0	0.0	2	3	3	1	Duodenum	Jejunum	Between host	Small intestine	Small intestine	g__CAG-873
263040	Duo_3_2	Jej_2_1	0	129643.0	0.0	2	1	3	2	Duodenum	Jejunum	Between host	Small intestine	Small intestine	g__CAG-873
263040	Ile_3_1	Jej_3_2	0	129722.0	0.0	1	2	3	3	Ileum	Jejunum	Between host	Small intestine	Small intestine	g__CAG-873
263040	Ile_3_2	Jej_2_1	0	129503.0	0.0	2	1	3	2	Ileum	Jejunum	Between host	Small intestine	Small intestine	g__CAG-873
264624	Cec_1_3	Cec_2_1	0	23589.0	0.0	3	1	1	2	Cecum	Cecum	Between host	Large intestine	Large intestine	g__CAG-582
264624	Cec_1_1	Col_2_2	0	23794.0	0.0	1	2	1	2	Cecum	Colon	Between host	Large intestine	Large intestine	g__CAG-582
264624	Cec_1_1	Col_3_1	0	23762.0	0.0	1	1	1	3	Cecum	Colon	Between host	Large intestine	Large intestine	g__CAG-582
264624	Cec_1_1	Col_3_2	0	23784.0	0.0	1	2	1	3	Cecum	Colon	Between host	Large intestine	Large intestine	g__CAG-582
264624	Cec_1_2	Cec_1_3	0	23619.0	0.0	2	3	1	1	Cecum	Cecum	Between host	Large intestine	Large intestine	g__CAG-582
264624	Cec_1_2	Cec_2_1	0	23589.0	0.0	2	1	1	2	Cecum	Cecum	Between host	Large intestine	Large intestine	g__CAG-582
264624	Cec_1_2	Cec_2_3	0	23624.0	0.0	2	3	1	2	Cecum	Cecum	Between host	Large intestine	Large intestine	g__CAG-582
264624	Cec_1_2	Cec_3_1	0	23516.0	0.0	2	1	1	3	Cecum	Cecum	Between host	Large intestine	Large intestine	g__CAG-582
264624	Cec_1_2	Cec_3_2	0	23644.0	0.0	2	2	1	3	Cecum	Cecum	Between host	Large intestine	Large intestine	g__CAG-582
264624	Cec_1_2	Col_1_1	0	23699.0	0.0	2	1	1	1	Cecum	Colon	Between host	Large intestine	Large intestine	g__CAG-582
264624	Cec_1_2	Col_1_2	0	23691.0	0.0	2	2	1	1	Cecum	Colon	Within host	Large intestine	Large intestine	g__CAG-582
264624	Cec_1_2	Col_1_3	0	23601.0	0.0	2	3	1	1	Cecum	Colon	Between host	Large intestine	Large intestine	g__CAG-582
264624	Cec_1_2	Col_2_1	0	23710.0	0.0	2	1	1	2	Cecum	Colon	Between host	Large intestine	Large intestine	g__CAG-582
264624	Cec_1_2	Col_2_2	0	23667.0	0.0	2	2	1	2	Cecum	Colon	Between host	Large intestine	Large intestine	g__CAG-582
264624	Cec_1_2	Col_2_3	0	23685.0	0.0	2	3	1	2	Cecum	Colon	Between host	Large intestine	Large intestine	g__CAG-582
264624	Cec_1_2	Col_3_1	0	23752.0	0.0	2	1	1	3	Cecum	Colon	Between host	Large intestine	Large intestine	g__CAG-582
264624	Cec_1_2	Col_3_2	0	23733.0	0.0	2	2	1	3	Cecum	Colon	Between host	Large intestine	Large intestine	g__CAG-582
264624	Cec_1_1	Col_2_3	0	23738.0	0.0	1	3	1	2	Cecum	Colon	Between host	Large intestine	Large intestine	g__CAG-582
264624	Cec_1_1	Col_2_1	0	23801.0	0.0	1	1	1	2	Cecum	Colon	Between host	Large intestine	Large intestine	g__CAG-582
263040	Ile_3_2	Jej_3_1	0	129406.0	0.0	2	1	3	3	Ileum	Jejunum	Between host	Small intestine	Small intestine	g__CAG-873
264624	Cec_1_1	Col_1_3	0	23638.0	0.0	1	3	1	1	Cecum	Colon	Between host	Large intestine	Large intestine	g__CAG-582
263040	Ile_3_2	Jej_3_2	0	129587.0	0.0	2	2	3	3	Ileum	Jejunum	Within host	Small intestine	Small intestine	g__CAG-873
263040	Jej_1_3	Jej_2_1	0	129777.0	0.0	3	1	1	2	Jejunum	Jejunum	Between host	Small intestine	Small intestine	g__CAG-873
263040	Jej_1_3	Jej_3_1	0	129702.0	0.0	3	1	1	3	Jejunum	Jejunum	Between host	Small intestine	Small intestine	g__CAG-873
263040	Jej_1_3	Jej_3_2	0	129582.0	0.0	3	2	1	3	Jejunum	Jejunum	Between host	Small intestine	Small intestine	g__CAG-873
263040	Jej_2_1	Jej_3_1	0	129651.0	0.0	1	1	2	3	Jejunum	Jejunum	Between host	Small intestine	Small intestine	g__CAG-873
263040	Jej_2_1	Jej_3_2	0	129508.0	0.0	1	2	2	3	Jejunum	Jejunum	Between host	Small intestine	Small intestine	g__CAG-873
263040	Jej_3_1	Jej_3_2	0	129466.0	0.0	1	2	3	3	Jejunum	Jejunum	Between host	Small intestine	Small intestine	g__CAG-873
264624	Cec_1_1	Cec_1_2	0	23677.0	0.0	1	2	1	1	Cecum	Cecum	Between host	Large intestine	Large intestine	g__CAG-582
264624	Cec_1_1	Cec_1_3	0	23648.0	0.0	1	3	1	1	Cecum	Cecum	Between host	Large intestine	Large intestine	g__CAG-582
264624	Cec_1_1	Cec_2_1	0	23640.0	0.0	1	1	1	2	Cecum	Cecum	Between host	Large intestine	Large intestine	g__CAG-582
264624	Cec_1_1	Cec_2_3	0	23714.0	0.0	1	3	1	2	Cecum	Cecum	Between host	Large intestine	Large intestine	g__CAG-582
264624	Cec_1_1	Cec_3_1	0	23577.0	0.0	1	1	1	3	Cecum	Cecum	Between host	Large intestine	Large intestine	g__CAG-582
264624	Cec_1_1	Cec_3_2	0	23686.0	0.0	1	2	1	3	Cecum	Cecum	Between host	Large intestine	Large intestine	g__CAG-582
264624	Cec_1_1	Col_1_1	0	23798.0	0.0	1	1	1	1	Cecum	Colon	Within host	Large intestine	Large intestine	g__CAG-582
264624	Cec_1_1	Col_1_2	0	23754.0	0.0	1	2	1	1	Cecum	Colon	Between host	Large intestine	Large intestine	g__CAG-582
263040	Cec_3_1	Col_3_3	0	129535.0	0.0	1	3	3	3	Cecum	Colon	Between host	Large intestine	Large intestine	g__CAG-873
263040	Cec_3_1	Col_3_1	0	129600.0	0.0	1	1	3	3	Cecum	Colon	Within host	Large intestine	Large intestine	g__CAG-873
100334	Cec_1_1	Cec_2_1	0	109600.0	0.0	1	1	1	2	Cecum	Cecum	Between host	Large intestine	Large intestine	Adlercreutzia caecimuri
211853	Col_3_2	Ile_3_1	0	47409.0	0.0	2	1	3	3	Colon	Ileum	Between host	Large intestine	Small intestine	CAG-485 sp002361215
211853	Col_2_2	Col_3_2	0	47476.0	0.0	2	2	2	3	Colon	Colon	Between host	Large intestine	Large intestine	CAG-485 sp002361215
211853	Col_2_2	Ile_3_1	0	47420.0	0.0	2	1	2	3	Colon	Ileum	Between host	Large intestine	Small intestine	CAG-485 sp002361215
211853	Col_2_3	Col_3_1	0	47532.0	0.0	3	1	2	3	Colon	Colon	Between host	Large intestine	Large intestine	CAG-485 sp002361215
211853	Col_2_3	Col_3_2	0	47501.0	0.0	3	2	2	3	Colon	Colon	Between host	Large intestine	Large intestine	CAG-485 sp002361215
211853	Col_2_3	Ile_3_1	0	47438.0	0.0	3	1	2	3	Colon	Ileum	Between host	Large intestine	Small intestine	CAG-485 sp002361215
211853	Col_3_1	Col_3_2	0	47514.0	0.0	1	2	3	3	Colon	Colon	Between host	Large intestine	Large intestine	CAG-485 sp002361215
211853	Col_3_1	Ile_3_1	0	47435.0	0.0	1	1	3	3	Colon	Ileum	Within host	Large intestine	Small intestine	CAG-485 sp002361215
213184	Cec_1_1	Cec_3_2	0	12721.0	0.0	1	2	1	3	Cecum	Cecum	Between host	Large intestine	Large intestine	CAG-873 sp002490635
211853	Col_1_1	Ile_3_1	0	47443.0	0.0	1	1	1	3	Colon	Ileum	Between host	Large intestine	Small intestine	CAG-485 sp002361215
213184	Cec_1_1	Col_1_1	0	12723.0	0.0	1	1	1	1	Cecum	Colon	Within host	Large intestine	Large intestine	CAG-873 sp002490635
213184	Cec_1_1	Col_1_2	0	12699.0	0.0	1	2	1	1	Cecum	Colon	Between host	Large intestine	Large intestine	CAG-873 sp002490635
213184	Cec_1_1	Col_1_3	0	12705.0	0.0	1	3	1	1	Cecum	Colon	Between host	Large intestine	Large intestine	CAG-873 sp002490635
213184	Cec_1_1	Col_2_2	0	12661.0	0.0	1	2	1	2	Cecum	Colon	Between host	Large intestine	Large intestine	CAG-873 sp002490635
213184	Cec_1_1	Col_2_3	0	12711.0	0.0	1	3	1	2	Cecum	Colon	Between host	Large intestine	Large intestine	CAG-873 sp002490635
213184	Cec_1_1	Col_3_1	0	12700.0	0.0	1	1	1	3	Cecum	Colon	Between host	Large intestine	Large intestine	CAG-873 sp002490635
213184	Cec_1_1	Col_3_2	0	12716.0	0.0	1	2	1	3	Cecum	Colon	Between host	Large intestine	Large intestine	CAG-873 sp002490635
211853	Col_2_2	Col_3_1	0	47501.0	0.0	2	1	2	3	Colon	Colon	Between host	Large intestine	Large intestine	CAG-485 sp002361215
211853	Col_2_2	Col_2_3	0	47501.0	0.0	2	3	2	2	Colon	Colon	Between host	Large intestine	Large intestine	CAG-485 sp002361215
211853	Col_2_1	Ile_3_1	0	47432.0	0.0	1	1	2	3	Colon	Ileum	Between host	Large intestine	Small intestine	CAG-485 sp002361215
211853	Col_2_1	Col_3_2	0	47503.0	0.0	1	2	2	3	Colon	Colon	Between host	Large intestine	Large intestine	CAG-485 sp002361215
211853	Col_1_2	Col_2_1	0	47523.0	0.0	2	1	1	2	Colon	Colon	Between host	Large intestine	Large intestine	CAG-485 sp002361215
211853	Col_1_2	Col_2_2	0	47507.0	0.0	2	2	1	2	Colon	Colon	Between host	Large intestine	Large intestine	CAG-485 sp002361215
211853	Col_1_2	Col_2_3	0	47523.0	0.0	2	3	1	2	Colon	Colon	Between host	Large intestine	Large intestine	CAG-485 sp002361215
211853	Col_1_2	Col_3_1	0	47525.0	0.0	2	1	1	3	Colon	Colon	Between host	Large intestine	Large intestine	CAG-485 sp002361215
211853	Col_1_2	Col_3_2	0	47496.0	0.0	2	2	1	3	Colon	Colon	Between host	Large intestine	Large intestine	CAG-485 sp002361215
211853	Col_1_2	Ile_3_1	0	47448.0	0.0	2	1	1	3	Colon	Ileum	Between host	Large intestine	Small intestine	CAG-485 sp002361215
211853	Col_1_3	Col_2_1	0	47544.0	0.0	3	1	1	2	Colon	Colon	Between host	Large intestine	Large intestine	CAG-485 sp002361215
211853	Col_1_3	Col_2_2	0	47517.0	0.0	3	2	1	2	Colon	Colon	Between host	Large intestine	Large intestine	CAG-485 sp002361215
211853	Col_1_3	Col_2_3	0	47540.0	0.0	3	3	1	2	Colon	Colon	Between host	Large intestine	Large intestine	CAG-485 sp002361215
211853	Col_1_3	Col_3_1	0	47545.0	0.0	3	1	1	3	Colon	Colon	Between host	Large intestine	Large intestine	CAG-485 sp002361215
211853	Col_1_3	Col_3_2	0	47522.0	0.0	3	2	1	3	Colon	Colon	Between host	Large intestine	Large intestine	CAG-485 sp002361215
211853	Col_1_3	Ile_3_1	0	47452.0	0.0	3	1	1	3	Colon	Ileum	Between host	Large intestine	Small intestine	CAG-485 sp002361215
211853	Col_2_1	Col_2_2	0	47502.0	0.0	1	2	2	2	Colon	Colon	Between host	Large intestine	Large intestine	CAG-485 sp002361215
211853	Col_2_1	Col_2_3	0	47518.0	0.0	1	3	2	2	Colon	Colon	Between host	Large intestine	Large intestine	CAG-485 sp002361215
211853	Col_2_1	Col_3_1	0	47526.0	0.0	1	1	2	3	Colon	Colon	Between host	Large intestine	Large intestine	CAG-485 sp002361215
213184	Cec_1_1	Ile_3_1	0	12700.0	0.0	1	1	1	3	Cecum	Ileum	Between host	Large intestine	Small intestine	CAG-873 sp002490635
213184	Cec_3_2	Col_1_1	0	12718.0	0.0	2	1	3	1	Cecum	Colon	Between host	Large intestine	Large intestine	CAG-873 sp002490635
213184	Cec_3_2	Col_1_2	0	12696.0	0.0	2	2	3	1	Cecum	Colon	Between host	Large intestine	Large intestine	CAG-873 sp002490635
213184	Col_1_2	Ile_3_1	0	12682.0	0.0	2	1	1	3	Colon	Ileum	Between host	Large intestine	Small intestine	CAG-873 sp002490635
213184	Col_1_3	Col_2_3	0	12700.0	0.0	3	3	1	2	Colon	Colon	Between host	Large intestine	Large intestine	CAG-873 sp002490635
213184	Col_1_3	Col_3_1	0	12700.0	0.0	3	1	1	3	Colon	Colon	Between host	Large intestine	Large intestine	CAG-873 sp002490635
213184	Col_1_3	Col_3_2	0	12698.0	0.0	3	2	1	3	Colon	Colon	Between host	Large intestine	Large intestine	CAG-873 sp002490635
213184	Col_1_3	Ile_3_1	0	12689.0	0.0	3	1	1	3	Colon	Ileum	Between host	Large intestine	Small intestine	CAG-873 sp002490635
213184	Col_2_2	Col_2_3	0	12651.0	0.0	2	3	2	2	Colon	Colon	Between host	Large intestine	Large intestine	CAG-873 sp002490635
213184	Col_2_2	Col_3_1	0	12649.0	0.0	2	1	2	3	Colon	Colon	Between host	Large intestine	Large intestine	CAG-873 sp002490635
213184	Col_2_2	Col_3_2	0	12645.0	0.0	2	2	2	3	Colon	Colon	Between host	Large intestine	Large intestine	CAG-873 sp002490635
213184	Col_2_2	Ile_3_1	0	12636.0	0.0	2	1	2	3	Colon	Ileum	Between host	Large intestine	Small intestine	CAG-873 sp002490635
213184	Col_2_3	Col_3_1	0	12695.0	0.0	3	1	2	3	Colon	Colon	Between host	Large intestine	Large intestine	CAG-873 sp002490635
213184	Col_2_3	Col_3_2	0	12703.0	0.0	3	2	2	3	Colon	Colon	Between host	Large intestine	Large intestine	CAG-873 sp002490635
213184	Col_2_3	Ile_3_1	0	12687.0	0.0	3	1	2	3	Colon	Ileum	Between host	Large intestine	Small intestine	CAG-873 sp002490635
213184	Col_3_1	Col_3_2	0	12695.0	0.0	1	2	3	3	Colon	Colon	Between host	Large intestine	Large intestine	CAG-873 sp002490635
213184	Col_3_1	Ile_3_1	0	12685.0	0.0	1	1	3	3	Colon	Ileum	Within host	Large intestine	Small intestine	CAG-873 sp002490635
213184	Col_3_2	Ile_3_1	0	12697.0	0.0	2	1	3	3	Colon	Ileum	Between host	Large intestine	Small intestine	CAG-873 sp002490635
237892	Cec_1_3	Cec_2_1	0	7022.0	0.0	3	1	1	2	Cecum	Cecum	Between host	Large intestine	Large intestine	f__CAG-552 (237892)
213184	Col_1_3	Col_2_2	0	12661.0	0.0	3	2	1	2	Colon	Colon	Between host	Large intestine	Large intestine	CAG-873 sp002490635
213184	Col_1_2	Col_3_2	0	12694.0	0.0	2	2	1	3	Colon	Colon	Between host	Large intestine	Large intestine	CAG-873 sp002490635
213184	Cec_3_2	Col_1_3	0	12700.0	0.0	2	3	3	1	Cecum	Colon	Between host	Large intestine	Large intestine	CAG-873 sp002490635
213184	Col_1_2	Col_3_1	0	12691.0	0.0	2	1	1	3	Colon	Colon	Between host	Large intestine	Large intestine	CAG-873 sp002490635
213184	Cec_3_2	Col_2_2	0	12657.0	0.0	2	2	3	2	Cecum	Colon	Between host	Large intestine	Large intestine	CAG-873 sp002490635
213184	Cec_3_2	Col_2_3	0	12707.0	0.0	2	3	3	2	Cecum	Colon	Between host	Large intestine	Large intestine	CAG-873 sp002490635
213184	Cec_3_2	Col_3_1	0	12699.0	0.0	2	1	3	3	Cecum	Colon	Between host	Large intestine	Large intestine	CAG-873 sp002490635
213184	Cec_3_2	Col_3_2	0	12718.0	0.0	2	2	3	3	Cecum	Colon	Within host	Large intestine	Large intestine	CAG-873 sp002490635
213184	Cec_3_2	Ile_3_1	0	12698.0	0.0	2	1	3	3	Cecum	Ileum	Between host	Large intestine	Small intestine	CAG-873 sp002490635
213184	Col_1_1	Col_1_2	0	12699.0	0.0	1	2	1	1	Colon	Colon	Between host	Large intestine	Large intestine	CAG-873 sp002490635
213184	Col_1_1	Col_1_3	0	12703.0	0.0	1	3	1	1	Colon	Colon	Between host	Large intestine	Large intestine	CAG-873 sp002490635
213184	Col_1_1	Col_2_2	0	12661.0	0.0	1	2	1	2	Colon	Colon	Between host	Large intestine	Large intestine	CAG-873 sp002490635
213184	Col_1_1	Col_2_3	0	12709.0	0.0	1	3	1	2	Colon	Colon	Between host	Large intestine	Large intestine	CAG-873 sp002490635
213184	Col_1_1	Col_3_1	0	12700.0	0.0	1	1	1	3	Colon	Colon	Between host	Large intestine	Large intestine	CAG-873 sp002490635
213184	Col_1_1	Col_3_2	0	12717.0	0.0	1	2	1	3	Colon	Colon	Between host	Large intestine	Large intestine	CAG-873 sp002490635
213184	Col_1_1	Ile_3_1	0	12701.0	0.0	1	1	1	3	Colon	Ileum	Between host	Large intestine	Small intestine	CAG-873 sp002490635
213184	Col_1_2	Col_1_3	0	12691.0	0.0	2	3	1	1	Colon	Colon	Between host	Large intestine	Large intestine	CAG-873 sp002490635
213184	Col_1_2	Col_2_2	0	12657.0	0.0	2	2	1	2	Colon	Colon	Between host	Large intestine	Large intestine	CAG-873 sp002490635
213184	Col_1_2	Col_2_3	0	12699.0	0.0	2	3	1	2	Colon	Colon	Between host	Large intestine	Large intestine	CAG-873 sp002490635
211853	Col_1_2	Col_1_3	0	47546.0	0.0	2	3	1	1	Colon	Colon	Between host	Large intestine	Large intestine	CAG-485 sp002361215
211853	Col_1_1	Col_3_2	0	47517.0	0.0	1	2	1	3	Colon	Colon	Between host	Large intestine	Large intestine	CAG-485 sp002361215
263040	Cec_3_1	Col_2_3	0	129563.0	0.0	1	3	3	2	Cecum	Colon	Between host	Large intestine	Large intestine	g__CAG-873
211853	Cec_1_3	Cec_2_1	0	47408.0	0.0	3	1	1	2	Cecum	Cecum	Between host	Large intestine	Large intestine	CAG-485 sp002361215
211853	Cec_1_1	Col_1_3	0	47506.0	0.0	1	3	1	1	Cecum	Colon	Between host	Large intestine	Large intestine	CAG-485 sp002361215
211853	Cec_1_1	Col_2_1	0	47481.0	0.0	1	1	1	2	Cecum	Colon	Between host	Large intestine	Large intestine	CAG-485 sp002361215
211853	Cec_1_1	Col_2_2	0	47455.0	0.0	1	2	1	2	Cecum	Colon	Between host	Large intestine	Large intestine	CAG-485 sp002361215
211853	Cec_1_1	Col_2_3	0	47479.0	0.0	1	3	1	2	Cecum	Colon	Between host	Large intestine	Large intestine	CAG-485 sp002361215
211853	Cec_1_1	Col_3_1	0	47489.0	0.0	1	1	1	3	Cecum	Colon	Between host	Large intestine	Large intestine	CAG-485 sp002361215
211853	Cec_1_1	Col_3_2	0	47458.0	0.0	1	2	1	3	Cecum	Colon	Between host	Large intestine	Large intestine	CAG-485 sp002361215
211853	Cec_1_1	Ile_3_1	0	47392.0	0.0	1	1	1	3	Cecum	Ileum	Between host	Large intestine	Small intestine	CAG-485 sp002361215
211853	Cec_1_3	Cec_3_2	0	47379.0	0.0	3	2	1	3	Cecum	Cecum	Between host	Large intestine	Large intestine	CAG-485 sp002361215
211853	Col_1_1	Col_3_1	0	47546.0	0.0	1	1	1	3	Colon	Colon	Between host	Large intestine	Large intestine	CAG-485 sp002361215
211853	Cec_1_3	Cec_3_3	0	47279.0	0.0	3	3	1	3	Cecum	Cecum	Between host	Large intestine	Large intestine	CAG-485 sp002361215
211853	Cec_1_3	Col_1_1	0	47439.0	0.0	3	1	1	1	Cecum	Colon	Between host	Large intestine	Large intestine	CAG-485 sp002361215
211853	Cec_1_3	Col_1_2	0	47423.0	0.0	3	2	1	1	Cecum	Colon	Between host	Large intestine	Large intestine	CAG-485 sp002361215
211853	Cec_1_3	Col_1_3	0	47441.0	0.0	3	3	1	1	Cecum	Colon	Within host	Large intestine	Large intestine	CAG-485 sp002361215
211853	Cec_1_3	Col_2_1	0	47420.0	0.0	3	1	1	2	Cecum	Colon	Between host	Large intestine	Large intestine	CAG-485 sp002361215
211853	Cec_1_3	Col_2_2	0	47396.0	0.0	3	2	1	2	Cecum	Colon	Between host	Large intestine	Large intestine	CAG-485 sp002361215
211853	Cec_1_3	Col_2_3	0	47426.0	0.0	3	3	1	2	Cecum	Colon	Between host	Large intestine	Large intestine	CAG-485 sp002361215
211853	Cec_1_1	Col_1_2	0	47488.0	0.0	1	2	1	1	Cecum	Colon	Between host	Large intestine	Large intestine	CAG-485 sp002361215
211853	Cec_1_1	Col_1_1	0	47497.0	0.0	1	1	1	1	Cecum	Colon	Within host	Large intestine	Large intestine	CAG-485 sp002361215
211853	Cec_1_1	Cec_3_3	0	47340.0	0.0	1	3	1	3	Cecum	Cecum	Between host	Large intestine	Large intestine	CAG-485 sp002361215
211853	Cec_1_1	Cec_3_2	0	47448.0	0.0	1	2	1	3	Cecum	Cecum	Between host	Large intestine	Large intestine	CAG-485 sp002361215
100334	Cec_1_1	Col_1_1	0	109665.0	0.0	1	1	1	1	Cecum	Colon	Within host	Large intestine	Large intestine	Adlercreutzia caecimuri
100334	Cec_1_1	Col_1_2	0	109546.0	0.0	1	2	1	1	Cecum	Colon	Between host	Large intestine	Large intestine	Adlercreutzia caecimuri
100334	Cec_1_1	Col_1_3	0	109414.0	0.0	1	3	1	1	Cecum	Colon	Between host	Large intestine	Large intestine	Adlercreutzia caecimuri
100334	Cec_1_3	Cec_2_1	0	109174.0	0.0	3	1	1	2	Cecum	Cecum	Between host	Large intestine	Large intestine	Adlercreutzia caecimuri
100334	Cec_1_3	Col_1_1	0	109212.0	0.0	3	1	1	1	Cecum	Colon	Between host	Large intestine	Large intestine	Adlercreutzia caecimuri
100334	Cec_1_3	Col_1_2	0	109128.0	0.0	3	2	1	1	Cecum	Colon	Between host	Large intestine	Large intestine	Adlercreutzia caecimuri
100334	Cec_1_3	Col_1_3	0	108971.0	0.0	3	3	1	1	Cecum	Colon	Within host	Large intestine	Large intestine	Adlercreutzia caecimuri
100334	Cec_2_1	Col_1_1	0	109548.0	0.0	1	1	2	1	Cecum	Colon	Between host	Large intestine	Large intestine	Adlercreutzia caecimuri
100334	Cec_2_1	Col_1_2	0	109461.0	0.0	1	2	2	1	Cecum	Colon	Between host	Large intestine	Large intestine	Adlercreutzia caecimuri
100334	Cec_2_1	Col_1_3	0	109308.0	0.0	1	3	2	1	Cecum	Colon	Between host	Large intestine	Large intestine	Adlercreutzia caecimuri
100334	Col_1_1	Col_1_2	0	109485.0	0.0	1	2	1	1	Colon	Colon	Between host	Large intestine	Large intestine	Adlercreutzia caecimuri
100334	Col_1_1	Col_1_3	0	109351.0	0.0	1	3	1	1	Colon	Colon	Between host	Large intestine	Large intestine	Adlercreutzia caecimuri
100334	Col_1_2	Col_1_3	0	109250.0	0.0	2	3	1	1	Colon	Colon	Between host	Large intestine	Large intestine	Adlercreutzia caecimuri
211853	Cec_1_1	Cec_1_3	0	47410.0	0.0	1	3	1	1	Cecum	Cecum	Between host	Large intestine	Large intestine	CAG-485 sp002361215
211853	Cec_1_1	Cec_2_1	0	47474.0	0.0	1	1	1	2	Cecum	Cecum	Between host	Large intestine	Large intestine	CAG-485 sp002361215
211853	Cec_1_3	Col_3_1	0	47431.0	0.0	3	1	1	3	Cecum	Colon	Between host	Large intestine	Large intestine	CAG-485 sp002361215
211853	Cec_1_3	Col_3_2	0	47399.0	0.0	3	2	1	3	Cecum	Colon	Between host	Large intestine	Large intestine	CAG-485 sp002361215
211853	Cec_1_3	Ile_3_1	0	47339.0	0.0	3	1	1	3	Cecum	Ileum	Between host	Large intestine	Small intestine	CAG-485 sp002361215
211853	Cec_3_2	Col_3_1	0	47486.0	0.0	2	1	3	3	Cecum	Colon	Between host	Large intestine	Large intestine	CAG-485 sp002361215
211853	Cec_3_2	Ile_3_1	0	47411.0	0.0	2	1	3	3	Cecum	Ileum	Between host	Large intestine	Small intestine	CAG-485 sp002361215
211853	Cec_3_3	Col_1_1	0	47380.0	0.0	3	1	3	1	Cecum	Colon	Between host	Large intestine	Large intestine	CAG-485 sp002361215
211853	Cec_3_3	Col_1_2	0	47372.0	0.0	3	2	3	1	Cecum	Colon	Between host	Large intestine	Large intestine	CAG-485 sp002361215
211853	Cec_3_3	Col_1_3	0	47391.0	0.0	3	3	3	1	Cecum	Colon	Between host	Large intestine	Large intestine	CAG-485 sp002361215
211853	Cec_3_3	Col_2_1	0	47369.0	0.0	3	1	3	2	Cecum	Colon	Between host	Large intestine	Large intestine	CAG-485 sp002361215
211853	Cec_3_3	Col_2_2	0	47343.0	0.0	3	2	3	2	Cecum	Colon	Between host	Large intestine	Large intestine	CAG-485 sp002361215
211853	Cec_3_3	Col_2_3	0	47366.0	0.0	3	3	3	2	Cecum	Colon	Between host	Large intestine	Large intestine	CAG-485 sp002361215
211853	Cec_3_3	Col_3_1	0	47370.0	0.0	3	1	3	3	Cecum	Colon	Between host	Large intestine	Large intestine	CAG-485 sp002361215
211853	Cec_3_3	Col_3_2	0	47346.0	0.0	3	2	3	3	Cecum	Colon	Between host	Large intestine	Large intestine	CAG-485 sp002361215
211853	Cec_3_3	Ile_3_1	0	47279.0	0.0	3	1	3	3	Cecum	Ileum	Between host	Large intestine	Small intestine	CAG-485 sp002361215
211853	Col_1_1	Col_1_2	0	47542.0	0.0	1	2	1	1	Colon	Colon	Between host	Large intestine	Large intestine	CAG-485 sp002361215
211853	Col_1_1	Col_1_3	0	47562.0	0.0	1	3	1	1	Colon	Colon	Between host	Large intestine	Large intestine	CAG-485 sp002361215
211853	Col_1_1	Col_2_1	0	47531.0	0.0	1	1	1	2	Colon	Colon	Between host	Large intestine	Large intestine	CAG-485 sp002361215
211853	Col_1_1	Col_2_2	0	47512.0	0.0	1	2	1	2	Colon	Colon	Between host	Large intestine	Large intestine	CAG-485 sp002361215
211853	Col_1_1	Col_2_3	0	47539.0	0.0	1	3	1	2	Colon	Colon	Between host	Large intestine	Large intestine	CAG-485 sp002361215
211853	Cec_3_2	Col_3_2	0	47474.0	0.0	2	2	3	3	Cecum	Colon	Within host	Large intestine	Large intestine	CAG-485 sp002361215
211853	Cec_3_2	Col_2_3	0	47482.0	0.0	2	3	3	2	Cecum	Colon	Between host	Large intestine	Large intestine	CAG-485 sp002361215
211853	Cec_2_1	Cec_3_2	0	47469.0	0.0	1	2	2	3	Cecum	Cecum	Between host	Large intestine	Large intestine	CAG-485 sp002361215
211853	Cec_3_2	Col_2_2	0	47462.0	0.0	2	2	3	2	Cecum	Colon	Between host	Large intestine	Large intestine	CAG-485 sp002361215
211853	Cec_2_1	Cec_3_3	0	47371.0	0.0	1	3	2	3	Cecum	Cecum	Between host	Large intestine	Large intestine	CAG-485 sp002361215
211853	Cec_2_1	Col_1_1	0	47515.0	0.0	1	1	2	1	Cecum	Colon	Between host	Large intestine	Large intestine	CAG-485 sp002361215
211853	Cec_2_1	Col_1_2	0	47502.0	0.0	1	2	2	1	Cecum	Colon	Between host	Large intestine	Large intestine	CAG-485 sp002361215
211853	Cec_2_1	Col_1_3	0	47526.0	0.0	1	3	2	1	Cecum	Colon	Between host	Large intestine	Large intestine	CAG-485 sp002361215
211853	Cec_2_1	Col_2_1	0	47504.0	0.0	1	1	2	2	Cecum	Colon	Within host	Large intestine	Large intestine	CAG-485 sp002361215
211853	Cec_2_1	Col_2_2	0	47476.0	0.0	1	2	2	2	Cecum	Colon	Between host	Large intestine	Large intestine	CAG-485 sp002361215
211853	Cec_2_1	Col_2_3	0	47503.0	0.0	1	3	2	2	Cecum	Colon	Between host	Large intestine	Large intestine	CAG-485 sp002361215
211853	Cec_2_1	Col_3_1	0	47507.0	0.0	1	1	2	3	Cecum	Colon	Between host	Large intestine	Large intestine	CAG-485 sp002361215
211853	Cec_2_1	Col_3_2	0	47482.0	0.0	1	2	2	3	Cecum	Colon	Between host	Large intestine	Large intestine	CAG-485 sp002361215
211853	Cec_2_1	Ile_3_1	0	47407.0	0.0	1	1	2	3	Cecum	Ileum	Between host	Large intestine	Small intestine	CAG-485 sp002361215
211853	Cec_3_2	Cec_3_3	0	47347.0	0.0	2	3	3	3	Cecum	Cecum	Between host	Large intestine	Large intestine	CAG-485 sp002361215
211853	Cec_3_2	Col_1_1	0	47493.0	0.0	2	1	3	1	Cecum	Colon	Between host	Large intestine	Large intestine	CAG-485 sp002361215
211853	Cec_3_2	Col_1_2	0	47490.0	0.0	2	2	3	1	Cecum	Colon	Between host	Large intestine	Large intestine	CAG-485 sp002361215
211853	Cec_3_2	Col_1_3	0	47502.0	0.0	2	3	3	1	Cecum	Colon	Between host	Large intestine	Large intestine	CAG-485 sp002361215
211853	Cec_3_2	Col_2_1	0	47485.0	0.0	2	1	3	2	Cecum	Colon	Between host	Large intestine	Large intestine	CAG-485 sp002361215
237892	Cec_1_3	Cec_3_3	0	7013.0	0.0	3	3	1	3	Cecum	Cecum	Between host	Large intestine	Large intestine	f__CAG-552 (237892)
237892	Cec_1_3	Col_3_1	0	7018.0	0.0	3	1	1	3	Cecum	Colon	Between host	Large intestine	Large intestine	f__CAG-552 (237892)
237892	Cec_2_1	Cec_3_3	0	7012.0	0.0	1	3	2	3	Cecum	Cecum	Between host	Large intestine	Large intestine	f__CAG-552 (237892)
263040	Cec_2_2	Cec_3_3	0	129601.0	0.0	2	3	2	3	Cecum	Cecum	Between host	Large intestine	Large intestine	g__CAG-873
263040	Cec_2_1	Jej_1_3	0	129618.0	0.0	1	3	2	1	Cecum	Jejunum	Between host	Large intestine	Small intestine	g__CAG-873
263040	Cec_2_1	Jej_2_1	0	129548.0	0.0	1	1	2	2	Cecum	Jejunum	Within host	Large intestine	Small intestine	g__CAG-873
263040	Cec_2_1	Jej_3_1	0	129494.0	0.0	1	1	2	3	Cecum	Jejunum	Between host	Large intestine	Small intestine	g__CAG-873
263040	Cec_2_1	Jej_3_2	0	129627.0	0.0	1	2	2	3	Cecum	Jejunum	Between host	Large intestine	Small intestine	g__CAG-873
263040	Cec_2_2	Cec_2_3	0	129596.0	0.0	2	3	2	2	Cecum	Cecum	Between host	Large intestine	Large intestine	g__CAG-873
263040	Cec_2_2	Cec_3_1	0	129570.0	0.0	2	1	2	3	Cecum	Cecum	Between host	Large intestine	Large intestine	g__CAG-873
263040	Cec_2_2	Cec_3_2	0	129731.0	0.0	2	2	2	3	Cecum	Cecum	Between host	Large intestine	Large intestine	g__CAG-873
263040	Cec_2_2	Col_1_1	0	129741.0	0.0	2	1	2	1	Cecum	Colon	Between host	Large intestine	Large intestine	g__CAG-873
237892	Cec_2_1	Col_3_1	0	7016.0	0.0	1	1	2	3	Cecum	Colon	Between host	Large intestine	Large intestine	f__CAG-552 (237892)
263040	Cec_2_2	Col_1_2	0	129549.0	0.0	2	2	2	1	Cecum	Colon	Between host	Large intestine	Large intestine	g__CAG-873
263040	Cec_2_2	Col_1_3	0	129527.0	0.0	2	3	2	1	Cecum	Colon	Between host	Large intestine	Large intestine	g__CAG-873
263040	Cec_2_2	Col_2_1	0	129686.0	0.0	2	1	2	2	Cecum	Colon	Between host	Large intestine	Large intestine	g__CAG-873
263040	Cec_2_2	Col_2_2	0	129629.0	0.0	2	2	2	2	Cecum	Colon	Within host	Large intestine	Large intestine	g__CAG-873
263040	Cec_2_2	Col_2_3	0	129607.0	0.0	2	3	2	2	Cecum	Colon	Between host	Large intestine	Large intestine	g__CAG-873
263040	Cec_2_2	Col_3_1	0	129683.0	0.0	2	1	2	3	Cecum	Colon	Between host	Large intestine	Large intestine	g__CAG-873
263040	Cec_2_2	Col_3_2	0	129645.0	0.0	2	2	2	3	Cecum	Colon	Between host	Large intestine	Large intestine	g__CAG-873
263040	Cec_2_1	Ile_3_2	0	129613.0	0.0	1	2	2	3	Cecum	Ileum	Between host	Large intestine	Small intestine	g__CAG-873
263040	Cec_2_1	Ile_3_1	0	129716.0	0.0	1	1	2	3	Cecum	Ileum	Between host	Large intestine	Small intestine	g__CAG-873
263040	Cec_2_1	Ile_2_1	0	129619.0	0.0	1	1	2	2	Cecum	Ileum	Within host	Large intestine	Small intestine	g__CAG-873
263040	Cec_2_1	Ile_1_1	0	129667.0	0.0	1	1	2	1	Cecum	Ileum	Between host	Large intestine	Small intestine	g__CAG-873
263040	Cec_2_1	Cec_2_2	0	129612.0	0.0	1	2	2	2	Cecum	Cecum	Between host	Large intestine	Large intestine	g__CAG-873
263040	Cec_2_1	Cec_2_3	0	129596.0	0.0	1	3	2	2	Cecum	Cecum	Between host	Large intestine	Large intestine	g__CAG-873
263040	Cec_2_1	Cec_3_1	0	129527.0	0.0	1	1	2	3	Cecum	Cecum	Between host	Large intestine	Large intestine	g__CAG-873
263040	Cec_2_1	Cec_3_2	0	129756.0	0.0	1	2	2	3	Cecum	Cecum	Between host	Large intestine	Large intestine	g__CAG-873
263040	Cec_2_1	Cec_3_3	0	129622.0	0.0	1	3	2	3	Cecum	Cecum	Between host	Large intestine	Large intestine	g__CAG-873
263040	Cec_2_1	Col_1_1	0	129703.0	0.0	1	1	2	1	Cecum	Colon	Between host	Large intestine	Large intestine	g__CAG-873
263040	Cec_2_1	Col_1_2	0	129626.0	0.0	1	2	2	1	Cecum	Colon	Between host	Large intestine	Large intestine	g__CAG-873
263040	Cec_2_1	Col_1_3	0	129600.0	0.0	1	3	2	1	Cecum	Colon	Between host	Large intestine	Large intestine	g__CAG-873
263040	Cec_2_1	Col_2_1	0	129709.0	0.0	1	1	2	2	Cecum	Colon	Within host	Large intestine	Large intestine	g__CAG-873
263040	Cec_2_1	Col_2_2	0	129639.0	0.0	1	2	2	2	Cecum	Colon	Between host	Large intestine	Large intestine	g__CAG-873
263040	Cec_2_1	Col_2_3	0	129679.0	0.0	1	3	2	2	Cecum	Colon	Between host	Large intestine	Large intestine	g__CAG-873
263040	Cec_2_1	Col_3_1	0	129734.0	0.0	1	1	2	3	Cecum	Colon	Between host	Large intestine	Large intestine	g__CAG-873
263040	Cec_2_1	Col_3_2	0	129725.0	0.0	1	2	2	3	Cecum	Colon	Between host	Large intestine	Large intestine	g__CAG-873
263040	Cec_2_1	Col_3_3	0	129578.0	0.0	1	3	2	3	Cecum	Colon	Between host	Large intestine	Large intestine	g__CAG-873
263040	Cec_2_1	Duo_3_2	0	129533.0	0.0	1	2	2	3	Cecum	Duodenum	Between host	Large intestine	Small intestine	g__CAG-873
263040	Cec_2_2	Col_3_3	0	129616.0	0.0	2	3	2	3	Cecum	Colon	Between host	Large intestine	Large intestine	g__CAG-873
263040	Cec_2_2	Duo_3_2	0	129603.0	0.0	2	2	2	3	Cecum	Duodenum	Between host	Large intestine	Small intestine	g__CAG-873
263040	Cec_2_2	Ile_1_1	0	129685.0	0.0	2	1	2	1	Cecum	Ileum	Between host	Large intestine	Small intestine	g__CAG-873
263040	Cec_2_3	Col_3_3	0	129642.0	0.0	3	3	2	3	Cecum	Colon	Between host	Large intestine	Large intestine	g__CAG-873
263040	Cec_2_3	Ile_1_1	0	129737.0	0.0	3	1	2	1	Cecum	Ileum	Between host	Large intestine	Small intestine	g__CAG-873
263040	Cec_2_3	Ile_2_1	0	129625.0	0.0	3	1	2	2	Cecum	Ileum	Between host	Large intestine	Small intestine	g__CAG-873
263040	Cec_2_3	Ile_3_1	0	129810.0	0.0	3	1	2	3	Cecum	Ileum	Between host	Large intestine	Small intestine	g__CAG-873
263040	Cec_2_3	Ile_3_2	0	129583.0	0.0	3	2	2	3	Cecum	Ileum	Between host	Large intestine	Small intestine	g__CAG-873
263040	Cec_2_3	Jej_1_3	0	129671.0	0.0	3	3	2	1	Cecum	Jejunum	Between host	Large intestine	Small intestine	g__CAG-873
263040	Cec_2_3	Jej_2_1	0	129661.0	0.0	3	1	2	2	Cecum	Jejunum	Between host	Large intestine	Small intestine	g__CAG-873
263040	Cec_2_3	Jej_3_1	0	129579.0	0.0	3	1	2	3	Cecum	Jejunum	Between host	Large intestine	Small intestine	g__CAG-873
263040	Cec_2_3	Jej_3_2	0	129626.0	0.0	3	2	2	3	Cecum	Jejunum	Between host	Large intestine	Small intestine	g__CAG-873
263040	Cec_3_1	Cec_3_2	0	129656.0	0.0	1	2	3	3	Cecum	Cecum	Between host	Large intestine	Large intestine	g__CAG-873
263040	Cec_3_1	Cec_3_3	0	129592.0	0.0	1	3	3	3	Cecum	Cecum	Between host	Large intestine	Large intestine	g__CAG-873
263040	Cec_3_1	Col_1_1	0	129661.0	0.0	1	1	3	1	Cecum	Colon	Between host	Large intestine	Large intestine	g__CAG-873
263040	Cec_3_1	Col_1_2	0	129510.0	0.0	1	2	3	1	Cecum	Colon	Between host	Large intestine	Large intestine	g__CAG-873
263040	Cec_3_1	Col_1_3	0	129500.0	0.0	1	3	3	1	Cecum	Colon	Between host	Large intestine	Large intestine	g__CAG-873
263040	Cec_3_1	Col_2_1	0	129611.0	0.0	1	1	3	2	Cecum	Colon	Between host	Large intestine	Large intestine	g__CAG-873
263040	Cec_3_1	Col_2_2	0	129544.0	0.0	1	2	3	2	Cecum	Colon	Between host	Large intestine	Large intestine	g__CAG-873
263040	Cec_2_3	Duo_3_2	0	129638.0	0.0	3	2	2	3	Cecum	Duodenum	Between host	Large intestine	Small intestine	g__CAG-873
263040	Cec_2_3	Col_3_2	0	129653.0	0.0	3	2	2	3	Cecum	Colon	Between host	Large intestine	Large intestine	g__CAG-873
263040	Cec_2_2	Ile_2_1	0	129624.0	0.0	2	1	2	2	Cecum	Ileum	Between host	Large intestine	Small intestine	g__CAG-873
263040	Cec_2_3	Col_3_1	0	129639.0	0.0	3	1	2	3	Cecum	Colon	Between host	Large intestine	Large intestine	g__CAG-873
263040	Cec_2_2	Ile_3_1	0	129755.0	0.0	2	1	2	3	Cecum	Ileum	Between host	Large intestine	Small intestine	g__CAG-873
263040	Cec_2_2	Ile_3_2	0	129551.0	0.0	2	2	2	3	Cecum	Ileum	Between host	Large intestine	Small intestine	g__CAG-873
263040	Cec_2_2	Jej_1_3	0	129612.0	0.0	2	3	2	1	Cecum	Jejunum	Between host	Large intestine	Small intestine	g__CAG-873
263040	Cec_2_2	Jej_2_1	0	129578.0	0.0	2	1	2	2	Cecum	Jejunum	Between host	Large intestine	Small intestine	g__CAG-873
263040	Cec_2_2	Jej_3_1	0	129544.0	0.0	2	1	2	3	Cecum	Jejunum	Between host	Large intestine	Small intestine	g__CAG-873
263040	Cec_2_2	Jej_3_2	0	129571.0	0.0	2	2	2	3	Cecum	Jejunum	Between host	Large intestine	Small intestine	g__CAG-873
263040	Cec_2_3	Cec_3_1	0	129570.0	0.0	3	1	2	3	Cecum	Cecum	Between host	Large intestine	Large intestine	g__CAG-873
263040	Cec_2_3	Cec_3_2	0	129759.0	0.0	3	2	2	3	Cecum	Cecum	Between host	Large intestine	Large intestine	g__CAG-873
263040	Cec_2_3	Cec_3_3	0	129689.0	0.0	3	3	2	3	Cecum	Cecum	Between host	Large intestine	Large intestine	g__CAG-873
263040	Cec_2_3	Col_1_1	0	129761.0	0.0	3	1	2	1	Cecum	Colon	Between host	Large intestine	Large intestine	g__CAG-873
263040	Cec_2_3	Col_1_2	0	129574.0	0.0	3	2	2	1	Cecum	Colon	Between host	Large intestine	Large intestine	g__CAG-873
263040	Cec_2_3	Col_1_3	0	129598.0	0.0	3	3	2	1	Cecum	Colon	Between host	Large intestine	Large intestine	g__CAG-873
263040	Cec_2_3	Col_2_1	0	129649.0	0.0	3	1	2	2	Cecum	Colon	Between host	Large intestine	Large intestine	g__CAG-873
263040	Cec_2_3	Col_2_2	0	129590.0	0.0	3	2	2	2	Cecum	Colon	Between host	Large intestine	Large intestine	g__CAG-873
263040	Cec_2_3	Col_2_3	0	129631.0	0.0	3	3	2	2	Cecum	Colon	Within host	Large intestine	Large intestine	g__CAG-873
263040	Cec_1_3	Jej_3_2	0	129618.0	0.0	3	2	1	3	Cecum	Jejunum	Between host	Large intestine	Small intestine	g__CAG-873
263040	Cec_1_3	Jej_3_1	0	129489.0	0.0	3	1	1	3	Cecum	Jejunum	Between host	Large intestine	Small intestine	g__CAG-873
263040	Cec_1_3	Jej_2_1	0	129498.0	0.0	3	1	1	2	Cecum	Jejunum	Between host	Large intestine	Small intestine	g__CAG-873
263040	Cec_1_1	Col_3_3	0	129900.0	0.0	1	3	1	3	Cecum	Colon	Between host	Large intestine	Large intestine	g__CAG-873
263040	Cec_1_1	Ile_1_1	0	130044.0	0.0	1	1	1	1	Cecum	Ileum	Within host	Large intestine	Small intestine	g__CAG-873
263040	Cec_1_1	Ile_2_1	0	129765.0	0.0	1	1	1	2	Cecum	Ileum	Between host	Large intestine	Small intestine	g__CAG-873
263040	Cec_1_1	Ile_3_1	0	130099.0	0.0	1	1	1	3	Cecum	Ileum	Between host	Large intestine	Small intestine	g__CAG-873
263040	Cec_1_1	Ile_3_2	0	129620.0	0.0	1	2	1	3	Cecum	Ileum	Between host	Large intestine	Small intestine	g__CAG-873
263040	Cec_1_1	Jej_1_3	0	129995.0	0.0	1	3	1	1	Cecum	Jejunum	Between host	Large intestine	Small intestine	g__CAG-873
263040	Cec_1_1	Jej_2_1	0	129870.0	0.0	1	1	1	2	Cecum	Jejunum	Between host	Large intestine	Small intestine	g__CAG-873
263040	Cec_1_1	Jej_3_1	0	129839.0	0.0	1	1	1	3	Cecum	Jejunum	Between host	Large intestine	Small intestine	g__CAG-873
263040	Cec_1_1	Jej_3_2	0	129731.0	0.0	1	2	1	3	Cecum	Jejunum	Between host	Large intestine	Small intestine	g__CAG-873
263040	Cec_1_2	Cec_1_3	0	129507.0	0.0	2	3	1	1	Cecum	Cecum	Between host	Large intestine	Large intestine	g__CAG-873
263040	Cec_1_2	Cec_2_1	0	129586.0	0.0	2	1	1	2	Cecum	Cecum	Between host	Large intestine	Large intestine	g__CAG-873
263040	Cec_1_2	Cec_2_2	0	129471.0	0.0	2	2	1	2	Cecum	Cecum	Between host	Large intestine	Large intestine	g__CAG-873
263040	Cec_1_2	Cec_2_3	0	129485.0	0.0	2	3	1	2	Cecum	Cecum	Between host	Large intestine	Large intestine	g__CAG-873
263040	Cec_1_2	Cec_3_1	0	129416.0	0.0	2	1	1	3	Cecum	Cecum	Between host	Large intestine	Large intestine	g__CAG-873
263040	Cec_1_2	Cec_3_2	0	129673.0	0.0	2	2	1	3	Cecum	Cecum	Between host	Large intestine	Large intestine	g__CAG-873
263040	Cec_1_2	Cec_3_3	0	129597.0	0.0	2	3	1	3	Cecum	Cecum	Between host	Large intestine	Large intestine	g__CAG-873
263040	Cec_1_1	Duo_3_2	0	129836.0	0.0	1	2	1	3	Cecum	Duodenum	Between host	Large intestine	Small intestine	g__CAG-873
263040	Cec_1_1	Col_3_2	0	129824.0	0.0	1	2	1	3	Cecum	Colon	Between host	Large intestine	Large intestine	g__CAG-873
263040	Cec_1_2	Col_1_2	0	129532.0	0.0	2	2	1	1	Cecum	Colon	Within host	Large intestine	Large intestine	g__CAG-873
263040	Cec_1_1	Col_3_1	0	129901.0	0.0	1	1	1	3	Cecum	Colon	Between host	Large intestine	Large intestine	g__CAG-873
237892	Cec_3_3	Col_3_1	0	7005.0	0.0	3	1	3	3	Cecum	Colon	Between host	Large intestine	Large intestine	f__CAG-552 (237892)
263040	Cec_1_1	Cec_1_2	0	129700.0	0.0	1	2	1	1	Cecum	Cecum	Between host	Large intestine	Large intestine	g__CAG-873
263040	Cec_1_1	Cec_1_3	0	129699.0	0.0	1	3	1	1	Cecum	Cecum	Between host	Large intestine	Large intestine	g__CAG-873
263040	Cec_1_1	Cec_2_1	0	129744.0	0.0	1	1	1	2	Cecum	Cecum	Between host	Large intestine	Large intestine	g__CAG-873
263040	Cec_1_1	Cec_2_2	0	129750.0	0.0	1	2	1	2	Cecum	Cecum	Between host	Large intestine	Large intestine	g__CAG-873
263040	Cec_1_1	Cec_2_3	0	129793.0	0.0	1	3	1	2	Cecum	Cecum	Between host	Large intestine	Large intestine	g__CAG-873
263040	Cec_1_1	Cec_3_1	0	129677.0	0.0	1	1	1	3	Cecum	Cecum	Between host	Large intestine	Large intestine	g__CAG-873
263040	Cec_1_1	Cec_3_2	0	129986.0	0.0	1	2	1	3	Cecum	Cecum	Between host	Large intestine	Large intestine	g__CAG-873
263040	Cec_1_1	Cec_3_3	0	130001.0	0.0	1	3	1	3	Cecum	Cecum	Between host	Large intestine	Large intestine	g__CAG-873
263040	Cec_1_1	Col_1_1	0	130100.0	0.0	1	1	1	1	Cecum	Colon	Within host	Large intestine	Large intestine	g__CAG-873
263040	Cec_1_1	Col_1_2	0	129652.0	0.0	1	2	1	1	Cecum	Colon	Between host	Large intestine	Large intestine	g__CAG-873
263040	Cec_1_1	Col_1_3	0	129635.0	0.0	1	3	1	1	Cecum	Colon	Between host	Large intestine	Large intestine	g__CAG-873
263040	Cec_1_1	Col_2_1	0	129795.0	0.0	1	1	1	2	Cecum	Colon	Between host	Large intestine	Large intestine	g__CAG-873
263040	Cec_1_1	Col_2_2	0	129766.0	0.0	1	2	1	2	Cecum	Colon	Between host	Large intestine	Large intestine	g__CAG-873
263040	Cec_1_1	Col_2_3	0	129755.0	0.0	1	3	1	2	Cecum	Colon	Between host	Large intestine	Large intestine	g__CAG-873
263040	Cec_1_2	Col_1_1	0	129664.0	0.0	2	1	1	1	Cecum	Colon	Between host	Large intestine	Large intestine	g__CAG-873
263040	Cec_1_2	Col_1_3	0	129518.0	0.0	2	3	1	1	Cecum	Colon	Between host	Large intestine	Large intestine	g__CAG-873
263040	Cec_1_3	Jej_1_3	0	129568.0	0.0	3	3	1	1	Cecum	Jejunum	Within host	Large intestine	Small intestine	g__CAG-873
263040	Cec_1_3	Cec_3_1	0	129509.0	0.0	3	1	1	3	Cecum	Cecum	Between host	Large intestine	Large intestine	g__CAG-873
263040	Cec_1_3	Cec_3_3	0	129560.0	0.0	3	3	1	3	Cecum	Cecum	Between host	Large intestine	Large intestine	g__CAG-873
263040	Cec_1_3	Col_1_1	0	129656.0	0.0	3	1	1	1	Cecum	Colon	Between host	Large intestine	Large intestine	g__CAG-873
263040	Cec_1_3	Col_1_2	0	129608.0	0.0	3	2	1	1	Cecum	Colon	Between host	Large intestine	Large intestine	g__CAG-873
263040	Cec_1_3	Col_1_3	0	129584.0	0.0	3	3	1	1	Cecum	Colon	Within host	Large intestine	Large intestine	g__CAG-873
263040	Cec_1_3	Col_2_1	0	129683.0	0.0	3	1	1	2	Cecum	Colon	Between host	Large intestine	Large intestine	g__CAG-873
263040	Cec_1_3	Col_2_2	0	129604.0	0.0	3	2	1	2	Cecum	Colon	Between host	Large intestine	Large intestine	g__CAG-873
263040	Cec_1_3	Col_2_3	0	129648.0	0.0	3	3	1	2	Cecum	Colon	Between host	Large intestine	Large intestine	g__CAG-873
263040	Cec_1_3	Col_3_1	0	129627.0	0.0	3	1	1	3	Cecum	Colon	Between host	Large intestine	Large intestine	g__CAG-873
263040	Cec_1_3	Col_3_2	0	129679.0	0.0	3	2	1	3	Cecum	Colon	Between host	Large intestine	Large intestine	g__CAG-873
263040	Cec_1_3	Col_3_3	0	129573.0	0.0	3	3	1	3	Cecum	Colon	Between host	Large intestine	Large intestine	g__CAG-873
263040	Cec_1_3	Duo_3_2	0	129599.0	0.0	3	2	1	3	Cecum	Duodenum	Between host	Large intestine	Small intestine	g__CAG-873
263040	Cec_1_3	Ile_1_1	0	129618.0	0.0	3	1	1	1	Cecum	Ileum	Between host	Large intestine	Small intestine	g__CAG-873
263040	Cec_1_3	Ile_2_1	0	129607.0	0.0	3	1	1	2	Cecum	Ileum	Between host	Large intestine	Small intestine	g__CAG-873
263040	Cec_1_3	Ile_3_1	0	129716.0	0.0	3	1	1	3	Cecum	Ileum	Between host	Large intestine	Small intestine	g__CAG-873
263040	Cec_1_3	Ile_3_2	0	129570.0	0.0	3	2	1	3	Cecum	Ileum	Between host	Large intestine	Small intestine	g__CAG-873
263040	Cec_1_3	Cec_3_2	0	129729.0	0.0	3	2	1	3	Cecum	Cecum	Between host	Large intestine	Large intestine	g__CAG-873
263040	Cec_1_3	Cec_2_3	0	129615.0	0.0	3	3	1	2	Cecum	Cecum	Between host	Large intestine	Large intestine	g__CAG-873
263040	Cec_1_2	Col_2_1	0	129586.0	0.0	2	1	1	2	Cecum	Colon	Between host	Large intestine	Large intestine	g__CAG-873
263040	Cec_1_3	Cec_2_2	0	129593.0	0.0	3	2	1	2	Cecum	Cecum	Between host	Large intestine	Large intestine	g__CAG-873
263040	Cec_1_2	Col_2_2	0	129574.0	0.0	2	2	1	2	Cecum	Colon	Between host	Large intestine	Large intestine	g__CAG-873
263040	Cec_1_2	Col_2_3	0	129592.0	0.0	2	3	1	2	Cecum	Colon	Between host	Large intestine	Large intestine	g__CAG-873
263040	Cec_1_2	Col_3_1	0	129675.0	0.0	2	1	1	3	Cecum	Colon	Between host	Large intestine	Large intestine	g__CAG-873
263040	Cec_1_2	Col_3_2	0	129633.0	0.0	2	2	1	3	Cecum	Colon	Between host	Large intestine	Large intestine	g__CAG-873
263040	Cec_1_2	Col_3_3	0	129507.0	0.0	2	3	1	3	Cecum	Colon	Between host	Large intestine	Large intestine	g__CAG-873
263040	Cec_1_2	Duo_3_2	0	129496.0	0.0	2	2	1	3	Cecum	Duodenum	Between host	Large intestine	Small intestine	g__CAG-873
263040	Cec_1_2	Ile_1_1	0	129613.0	0.0	2	1	1	1	Cecum	Ileum	Between host	Large intestine	Small intestine	g__CAG-873
263040	Cec_1_2	Ile_2_1	0	129520.0	0.0	2	1	1	2	Cecum	Ileum	Between host	Large intestine	Small intestine	g__CAG-873
263040	Cec_1_2	Ile_3_1	0	129659.0	0.0	2	1	1	3	Cecum	Ileum	Between host	Large intestine	Small intestine	g__CAG-873
263040	Cec_1_2	Ile_3_2	0	129490.0	0.0	2	2	1	3	Cecum	Ileum	Between host	Large intestine	Small intestine	g__CAG-873
263040	Cec_1_2	Jej_1_3	0	129553.0	0.0	2	3	1	1	Cecum	Jejunum	Between host	Large intestine	Small intestine	g__CAG-873
263040	Cec_1_2	Jej_2_1	0	129466.0	0.0	2	1	1	2	Cecum	Jejunum	Between host	Large intestine	Small intestine	g__CAG-873
263040	Cec_1_2	Jej_3_1	0	129433.0	0.0	2	1	1	3	Cecum	Jejunum	Between host	Large intestine	Small intestine	g__CAG-873
263040	Cec_1_2	Jej_3_2	0	129554.0	0.0	2	2	1	3	Cecum	Jejunum	Between host	Large intestine	Small intestine	g__CAG-873
263040	Cec_1_3	Cec_2_1	0	129611.0	0.0	3	1	1	2	Cecum	Cecum	Between host	Large intestine	Large intestine	g__CAG-873
264624	Col_3_1	Col_3_2	0	23810.0	0.0	1	2	3	3	Colon	Colon	Between host	Large intestine	Large intestine	g__CAG-582
